Toss Fair_Probability Biased_Probability
1 1.000000 1.000000
2 1.000000 0.500000
3 0.666667 0.666667
4 0.750000 0.750000
5 0.800000 0.800000
6 0.833333 0.833333
7 0.857143 0.714286
8 0.875000 0.750000
9 0.777778 0.777778
10 0.800000 0.800000
11 0.818182 0.818182
12 0.750000 0.833333
13 0.692308 0.846154
14 0.714286 0.857143
15 0.666667 0.866667
16 0.687500 0.812500
17 0.647059 0.823529
18 0.611111 0.777778
19 0.631579 0.789474
20 0.600000 0.800000
21 0.619048 0.809524
22 0.636364 0.772727
23 0.652174 0.782609
24 0.625000 0.750000
25 0.600000 0.720000
26 0.615385 0.692308
27 0.629630 0.703704
28 0.642857 0.678571
29 0.620690 0.689655
30 0.633333 0.700000
31 0.645161 0.677419
32 0.625000 0.687500
33 0.606061 0.666667
34 0.588235 0.676471
35 0.571429 0.685714
36 0.555556 0.694444
37 0.567568 0.702703
38 0.552632 0.710526
39 0.564103 0.692308
40 0.550000 0.675000
41 0.536585 0.658537
42 0.523810 0.666667
43 0.511628 0.651163
44 0.500000 0.659091
45 0.511111 0.666667
46 0.521739 0.673913
47 0.510638 0.680851
48 0.520833 0.687500
49 0.530612 0.673469
50 0.540000 0.680000
51 0.529412 0.686275
52 0.538462 0.673077
53 0.528302 0.679245
54 0.537037 0.685185
55 0.527273 0.672727
56 0.517857 0.660714
57 0.526316 0.666667
58 0.517241 0.655172
59 0.525424 0.661017
60 0.516667 0.666667
61 0.524590 0.655738
62 0.516129 0.661290
63 0.523810 0.666667
64 0.515625 0.671875
65 0.507692 0.676923
66 0.515152 0.666667
67 0.522388 0.671642
68 0.529412 0.676471
69 0.521739 0.681159
70 0.528571 0.671429
71 0.535211 0.661972
72 0.527778 0.652778
73 0.520548 0.657534
74 0.527027 0.662162
75 0.533333 0.653333
76 0.526316 0.657895
77 0.519481 0.662338
78 0.512821 0.666667
79 0.518987 0.658228
80 0.512500 0.662500
81 0.518519 0.666667
82 0.512195 0.670732
83 0.506024 0.662651
84 0.500000 0.654762
85 0.505882 0.658824
86 0.500000 0.662791
87 0.505747 0.666667
88 0.511364 0.659091
89 0.516854 0.662921
90 0.511111 0.666667
91 0.516484 0.659341
92 0.510870 0.663043
93 0.516129 0.666667
94 0.521277 0.659574
95 0.526316 0.663158
96 0.531250 0.656250
97 0.536082 0.659794
98 0.540816 0.663265
99 0.535354 0.656566
100 0.540000 0.660000
101 0.544554 0.663366
102 0.549020 0.666667
103 0.543689 0.669903
104 0.548077 0.673077
105 0.552381 0.666667
106 0.547170 0.669811
107 0.551402 0.672897
108 0.555556 0.666667
109 0.550459 0.669725
110 0.554545 0.672727
111 0.558559 0.666667
112 0.553571 0.669643
113 0.557522 0.672566
114 0.552632 0.666667
115 0.547826 0.669565
116 0.543103 0.672414
117 0.538462 0.675214
118 0.542373 0.677966
119 0.546218 0.680672
120 0.550000 0.683333
121 0.545455 0.677686
122 0.549180 0.680328
123 0.552846 0.674797
124 0.556452 0.677419
125 0.552000 0.680000
126 0.547619 0.682540
127 0.551181 0.677165
128 0.554688 0.679688
129 0.550388 0.682171
130 0.546154 0.684615
131 0.549618 0.679389
132 0.545455 0.681818
133 0.548872 0.684211
134 0.552239 0.686567
135 0.555556 0.688889
136 0.558824 0.691176
137 0.562044 0.693431
138 0.557971 0.695652
139 0.561151 0.690647
140 0.557143 0.692857
141 0.553191 0.695035
142 0.556338 0.697183
143 0.552448 0.692308
144 0.555556 0.694444
145 0.558621 0.696552
146 0.561644 0.698630
147 0.557823 0.693878
148 0.554054 0.695946
149 0.557047 0.697987
150 0.553333 0.700000
151 0.556291 0.701987
152 0.559211 0.703947
153 0.555556 0.705882
154 0.558442 0.707792
155 0.554839 0.709677
156 0.551282 0.705128
157 0.554140 0.707006
158 0.556962 0.702532
159 0.553459 0.698113
160 0.550000 0.693750
161 0.552795 0.689441
162 0.549383 0.691358
163 0.546012 0.687117
164 0.542683 0.689024
165 0.545455 0.684848
166 0.542169 0.686747
167 0.538922 0.688623
168 0.541667 0.690476
169 0.538462 0.692308
170 0.535294 0.694118
171 0.532164 0.690058
172 0.534884 0.686047
173 0.531792 0.687861
174 0.528736 0.683908
175 0.525714 0.680000
176 0.528409 0.681818
177 0.531073 0.683616
178 0.533708 0.685393
179 0.530726 0.687151
180 0.527778 0.688889
181 0.530387 0.690608
182 0.527473 0.692308
183 0.530055 0.693989
184 0.532609 0.695652
185 0.529730 0.697297
186 0.532258 0.698925
187 0.534759 0.700535
188 0.537234 0.696809
189 0.534392 0.693122
190 0.536842 0.694737
191 0.534031 0.691099
192 0.531250 0.692708
193 0.533679 0.694301
194 0.536082 0.690722
195 0.533333 0.692308
196 0.535714 0.693878
197 0.532995 0.695431
198 0.530303 0.696970
199 0.532663 0.693467
200 0.530000 0.695000
201 0.532338 0.696517
202 0.529703 0.698020
203 0.532020 0.699507
204 0.529412 0.700980
205 0.526829 0.697561
206 0.524272 0.694175
207 0.521739 0.695652
208 0.519231 0.692308
209 0.516746 0.693780
210 0.514286 0.690476
211 0.516588 0.691943
212 0.518868 0.688679
213 0.521127 0.690141
214 0.518692 0.691589
215 0.516279 0.688372
216 0.518519 0.689815
217 0.516129 0.691244
218 0.513761 0.688073
219 0.511416 0.689498
220 0.513636 0.690909
221 0.511312 0.692308
222 0.513514 0.693694
223 0.515695 0.695067
224 0.517857 0.691964
225 0.520000 0.693333
226 0.522124 0.694690
227 0.524229 0.696035
228 0.526316 0.692982
229 0.528384 0.694323
230 0.526087 0.695652
231 0.528139 0.696970
232 0.525862 0.698276
233 0.527897 0.695279
234 0.529915 0.692308
235 0.531915 0.693617
236 0.529661 0.694915
237 0.531646 0.691983
238 0.529412 0.693277
239 0.527197 0.690377
240 0.525000 0.691667
241 0.526971 0.688797
242 0.524793 0.690083
243 0.522634 0.691358
244 0.524590 0.688525
245 0.526531 0.689796
246 0.524390 0.691057
247 0.526316 0.692308
248 0.524194 0.693548
249 0.526104 0.694779
250 0.524000 0.696000
251 0.521912 0.693227
252 0.519841 0.690476
253 0.517787 0.687747
254 0.519685 0.688976
255 0.521569 0.686275
256 0.523438 0.687500
257 0.525292 0.688716
258 0.523256 0.689922
259 0.525097 0.691120
260 0.523077 0.692308
261 0.524904 0.689655
262 0.522901 0.690840
263 0.524715 0.688213
264 0.526515 0.689394
265 0.524528 0.690566
266 0.522556 0.691729
267 0.520599 0.689139
268 0.518657 0.690299
269 0.516729 0.691450
270 0.514815 0.688889
271 0.512915 0.690037
272 0.511029 0.691176
273 0.509158 0.688645
274 0.510949 0.689781
275 0.512727 0.690909
276 0.510870 0.692029
277 0.509025 0.689531
278 0.507194 0.687050
279 0.505376 0.688172
280 0.507143 0.689286
281 0.508897 0.690391
282 0.510638 0.687943
283 0.508834 0.689046
284 0.507042 0.690141
285 0.505263 0.691228
286 0.506993 0.692308
287 0.505226 0.693380
288 0.506944 0.694444
289 0.508651 0.695502
290 0.510345 0.696552
291 0.508591 0.697595
292 0.510274 0.695205
293 0.508532 0.692833
294 0.506803 0.693878
295 0.508475 0.694915
296 0.506757 0.695946
297 0.505051 0.696970
298 0.506711 0.697987
299 0.508361 0.698997
300 0.506667 0.696667
301 0.508306 0.697674
302 0.509934 0.695364
303 0.511551 0.696370
304 0.509868 0.697368
305 0.508197 0.698361
306 0.506536 0.696078
307 0.508143 0.697068
308 0.509740 0.698052
309 0.511327 0.695793
310 0.512903 0.696774
311 0.514469 0.694534
312 0.512821 0.692308
313 0.511182 0.690096
314 0.509554 0.691083
315 0.507937 0.688889
316 0.509494 0.689873
317 0.507886 0.690852
318 0.506289 0.691824
319 0.504702 0.692790
320 0.506250 0.693750
321 0.504673 0.694704
322 0.503106 0.695652
323 0.501548 0.696594
324 0.503086 0.694444
325 0.501538 0.695385
326 0.503067 0.696319
327 0.504587 0.694190
328 0.503049 0.695122
329 0.501520 0.696049
330 0.500000 0.696970
331 0.498489 0.697885
332 0.496988 0.698795
333 0.495495 0.699700
334 0.497006 0.697605
335 0.495522 0.698507
336 0.494048 0.699405
337 0.495549 0.700297
338 0.497041 0.701183
339 0.498525 0.699115
340 0.500000 0.700000
341 0.498534 0.700880
342 0.497076 0.701754
343 0.495627 0.702624
344 0.494186 0.703488
345 0.492754 0.704348
346 0.491329 0.705202
347 0.489914 0.706052
348 0.491379 0.706897
349 0.492837 0.707736
350 0.494286 0.705714
351 0.492877 0.706553
352 0.491477 0.707386
353 0.492918 0.708215
354 0.494350 0.709040
355 0.495775 0.709859
356 0.494382 0.710674
357 0.492997 0.711485
358 0.491620 0.712291
359 0.490251 0.713092
360 0.491667 0.711111
361 0.493075 0.711911
362 0.494475 0.712707
363 0.495868 0.713499
364 0.497253 0.714286
365 0.495890 0.712329
366 0.494536 0.713115
367 0.495913 0.713896
368 0.497283 0.711957
369 0.498645 0.712737
370 0.500000 0.713514
371 0.501348 0.714286
372 0.500000 0.712366
373 0.501340 0.713137
374 0.502674 0.713904
375 0.501333 0.712000
376 0.500000 0.712766
377 0.501326 0.713528
378 0.502646 0.714286
379 0.503958 0.715040
380 0.502632 0.715789
381 0.503937 0.713911
382 0.502618 0.712042
383 0.501305 0.712794
384 0.502604 0.713542
385 0.501299 0.714286
386 0.502591 0.715026
387 0.501292 0.713178
388 0.500000 0.711340
389 0.501285 0.709512
390 0.502564 0.710256
391 0.503836 0.710997
392 0.505102 0.711735
393 0.506361 0.712468
394 0.507614 0.713198
395 0.508861 0.711392
396 0.507576 0.712121
397 0.506297 0.712846
398 0.505025 0.711055
399 0.503759 0.709273
400 0.502500 0.710000
401 0.503741 0.710723
402 0.504975 0.711443
403 0.506203 0.709677
404 0.504950 0.707921
405 0.503704 0.706173
406 0.502463 0.706897
407 0.501229 0.707617
408 0.500000 0.708333
409 0.501222 0.709046
410 0.502439 0.709756
411 0.503650 0.710462
412 0.504854 0.708738
413 0.503632 0.709443
414 0.504831 0.707729
415 0.506024 0.706024
416 0.504808 0.704327
417 0.505995 0.705036
418 0.507177 0.705742
419 0.505967 0.706444
420 0.504762 0.707143
421 0.505938 0.707838
422 0.507109 0.706161
423 0.505910 0.706856
424 0.507075 0.707547
425 0.505882 0.705882
426 0.507042 0.706573
427 0.508197 0.707260
428 0.509346 0.707944
429 0.508159 0.708625
430 0.509302 0.709302
431 0.508121 0.709977
432 0.509259 0.710648
433 0.508083 0.711316
434 0.509217 0.711982
435 0.510345 0.710345
436 0.511468 0.711009
437 0.510297 0.709382
438 0.509132 0.707763
439 0.507973 0.708428
440 0.506818 0.709091
441 0.507937 0.709751
442 0.509050 0.710407
443 0.507901 0.708804
444 0.506757 0.709459
445 0.505618 0.710112
446 0.506726 0.708520
447 0.505593 0.706935
448 0.506696 0.707589
449 0.505568 0.708241
450 0.506667 0.708889
451 0.507761 0.709534
452 0.506637 0.707965
453 0.505519 0.708609
454 0.506608 0.709251
455 0.507692 0.707692
456 0.506579 0.708333
457 0.507659 0.706783
458 0.508734 0.705240
459 0.509804 0.705882
460 0.508696 0.704348
461 0.509761 0.704989
462 0.510823 0.705628
463 0.509719 0.706263
464 0.508621 0.704741
465 0.509677 0.703226
466 0.510730 0.701717
467 0.509636 0.700214
468 0.510684 0.698718
469 0.509595 0.699360
470 0.510638 0.700000
471 0.511677 0.700637
472 0.510593 0.699153
473 0.511628 0.697674
474 0.510549 0.696203
475 0.509474 0.696842
476 0.508403 0.697479
477 0.509434 0.698113
478 0.510460 0.696653
479 0.511482 0.697286
480 0.512500 0.697917
481 0.511435 0.698545
482 0.512448 0.699170
483 0.513458 0.699793
484 0.514463 0.698347
485 0.515464 0.698969
486 0.514403 0.697531
487 0.515400 0.698152
488 0.514344 0.698770
489 0.515337 0.699387
490 0.514286 0.697959
491 0.515275 0.698574
492 0.514228 0.697154
493 0.515213 0.697769
494 0.516194 0.696356
495 0.515152 0.696970
496 0.514113 0.697581
497 0.513078 0.698189
498 0.512048 0.698795
499 0.513026 0.699399
500 0.512000 0.700000
501 0.510978 0.700599
502 0.509960 0.699203
503 0.508946 0.699801
504 0.509921 0.698413
505 0.508911 0.699010
506 0.507905 0.699605
507 0.508876 0.700197
508 0.509843 0.698819
509 0.510806 0.697446
510 0.511765 0.698039
511 0.510763 0.698630
512 0.509766 0.699219
513 0.508772 0.699805
514 0.507782 0.700389
515 0.508738 0.699029
516 0.507752 0.699612
517 0.508704 0.700193
518 0.509653 0.698842
519 0.510597 0.699422
520 0.511538 0.698077
521 0.510557 0.696737
522 0.511494 0.697318
523 0.510516 0.697897
524 0.509542 0.696565
525 0.508571 0.697143
526 0.509506 0.695817
527 0.510436 0.696395
528 0.509470 0.696970
529 0.510397 0.697543
530 0.511321 0.698113
531 0.510358 0.698682
532 0.511278 0.697368
533 0.512195 0.696060
534 0.511236 0.696629
535 0.512150 0.695327
536 0.511194 0.695896
537 0.512104 0.694600
538 0.513011 0.695167
539 0.513915 0.695733
540 0.514815 0.694444
541 0.515712 0.695009
542 0.514760 0.695572
543 0.513812 0.694291
544 0.512868 0.694853
545 0.513761 0.693578
546 0.514652 0.692308
547 0.513711 0.691042
548 0.514599 0.689781
549 0.513661 0.688525
550 0.514545 0.687273
551 0.515426 0.686025
552 0.514493 0.684783
553 0.513562 0.685353
554 0.512635 0.685921
555 0.513514 0.686486
556 0.512590 0.687050
557 0.513465 0.685817
558 0.512545 0.684588
559 0.513417 0.683363
560 0.512500 0.682143
561 0.511586 0.682709
562 0.510676 0.681495
563 0.509769 0.682060
564 0.508865 0.680851
565 0.509735 0.681416
566 0.508834 0.681979
567 0.507937 0.682540
568 0.508803 0.681338
569 0.507909 0.680141
570 0.507018 0.680702
571 0.507881 0.681261
572 0.506993 0.681818
573 0.507853 0.682373
574 0.506969 0.682927
575 0.506087 0.683478
576 0.506944 0.682292
577 0.507799 0.681109
578 0.506920 0.681661
579 0.506045 0.680484
580 0.505172 0.681034
581 0.504303 0.681583
582 0.503436 0.682131
583 0.504288 0.682676
584 0.505137 0.681507
585 0.504274 0.680342
586 0.505119 0.680887
587 0.504259 0.681431
588 0.503401 0.681973
589 0.504244 0.682513
590 0.505085 0.681356
591 0.504230 0.681895
592 0.503378 0.680743
593 0.502530 0.681282
594 0.503367 0.681818
595 0.504202 0.682353
596 0.505034 0.682886
597 0.504188 0.683417
598 0.505017 0.683946
599 0.505843 0.684474
600 0.506667 0.685000
601 0.507488 0.683860
602 0.508306 0.682724
603 0.509121 0.683250
604 0.508278 0.683775
605 0.507438 0.684298
606 0.508251 0.684818
607 0.507414 0.685338
608 0.508224 0.684211
609 0.507389 0.684729
610 0.506557 0.683607
611 0.507365 0.682488
612 0.506536 0.683007
613 0.505710 0.683524
614 0.506515 0.682410
615 0.505691 0.682927
616 0.506494 0.683442
617 0.507293 0.682334
618 0.506472 0.681230
619 0.507270 0.680129
620 0.508065 0.680645
621 0.507246 0.681159
622 0.506431 0.680064
623 0.505618 0.680578
624 0.506410 0.681090
625 0.505600 0.680000
626 0.504792 0.678914
627 0.505582 0.679426
628 0.506369 0.678344
629 0.505564 0.677266
630 0.504762 0.676190
631 0.505547 0.676704
632 0.504747 0.677215
633 0.503949 0.677725
634 0.504732 0.676656
635 0.503937 0.677165
636 0.504717 0.677673
637 0.505495 0.678179
638 0.504702 0.678683
639 0.503912 0.679186
640 0.503125 0.678125
641 0.503900 0.677067
642 0.504673 0.677570
643 0.503888 0.676516
644 0.504658 0.677019
645 0.505426 0.677519
646 0.504644 0.678019
647 0.505410 0.676971
648 0.506173 0.677469
649 0.506934 0.676425
650 0.506154 0.675385
651 0.506912 0.675883
652 0.506135 0.676380
653 0.505360 0.675345
654 0.506116 0.674312
655 0.506870 0.673282
656 0.506098 0.672256
657 0.505327 0.672755
658 0.504559 0.673252
659 0.505311 0.673748
660 0.506061 0.674242
661 0.506808 0.674735
662 0.506042 0.675227
663 0.506787 0.675716
664 0.506024 0.676205
665 0.505263 0.675188
666 0.506006 0.675676
667 0.506747 0.676162
668 0.505988 0.675150
669 0.505232 0.675635
670 0.504478 0.674627
671 0.505216 0.673621
672 0.505952 0.674107
673 0.506686 0.673105
674 0.507418 0.673591
675 0.508148 0.674074
676 0.507396 0.674556
677 0.508124 0.673560
678 0.508850 0.672566
679 0.508100 0.673049
680 0.508824 0.673529
681 0.508076 0.674009
682 0.507331 0.673021
683 0.508053 0.672035
684 0.508772 0.672515
685 0.509489 0.672993
686 0.508746 0.673469
687 0.509461 0.672489
688 0.510174 0.671512
689 0.510885 0.671988
690 0.510145 0.672464
691 0.509407 0.672938
692 0.510116 0.673410
693 0.510823 0.673882
694 0.511527 0.674352
695 0.512230 0.674820
696 0.512931 0.675287
697 0.512195 0.675753
698 0.512894 0.674785
699 0.512160 0.673820
700 0.512857 0.674286
701 0.513552 0.674750
702 0.514245 0.673789
703 0.514936 0.672831
704 0.514205 0.671875
705 0.513475 0.672340
706 0.514164 0.672805
707 0.514851 0.671853
708 0.514124 0.672316
709 0.513399 0.672779
710 0.514085 0.671831
711 0.514768 0.672293
712 0.515449 0.672753
713 0.516129 0.671809
714 0.515406 0.672269
715 0.516084 0.672727
716 0.515363 0.671788
717 0.516039 0.670851
718 0.515320 0.671309
719 0.515994 0.671766
720 0.516667 0.672222
721 0.517337 0.671290
722 0.518006 0.671745
723 0.518672 0.672199
724 0.517956 0.672652
725 0.518621 0.673103
726 0.519284 0.673554
727 0.518569 0.674003
728 0.519231 0.674451
729 0.518519 0.673525
730 0.519178 0.673973
731 0.519836 0.673051
732 0.520492 0.672131
733 0.521146 0.672578
734 0.521798 0.673025
735 0.521088 0.672109
736 0.520380 0.671196
737 0.519674 0.671642
738 0.518970 0.672087
739 0.519621 0.671177
740 0.518919 0.671622
741 0.519568 0.670715
742 0.520216 0.671159
743 0.520861 0.671602
744 0.520161 0.672043
745 0.520805 0.672483
746 0.521448 0.672922
747 0.522088 0.673360
748 0.521390 0.673797
749 0.520694 0.674232
750 0.520000 0.673333
751 0.520639 0.672437
752 0.519947 0.672872
753 0.519256 0.671979
754 0.519894 0.672414
755 0.519205 0.671523
756 0.518519 0.670635
757 0.519155 0.671070
758 0.519789 0.670185
759 0.520422 0.670619
760 0.519737 0.671053
761 0.520368 0.671485
762 0.519685 0.670604
763 0.519004 0.671035
764 0.518325 0.670157
765 0.517647 0.670588
766 0.518277 0.671018
767 0.517601 0.671447
768 0.516927 0.671875
769 0.516255 0.672302
770 0.516883 0.671429
771 0.517510 0.671855
772 0.518135 0.672280
773 0.518758 0.672704
774 0.519380 0.671835
775 0.520000 0.672258
776 0.520619 0.672680
777 0.519949 0.673102
778 0.520566 0.673522
779 0.519897 0.673941
780 0.519231 0.674359
781 0.519846 0.673496
782 0.519182 0.672634
783 0.519796 0.673052
784 0.519133 0.672194
785 0.519745 0.671338
786 0.519084 0.670483
787 0.519695 0.670902
788 0.520305 0.670051
789 0.519645 0.669202
790 0.518987 0.669620
791 0.518331 0.668774
792 0.518939 0.669192
793 0.518285 0.669609
794 0.518892 0.670025
795 0.518239 0.670440
796 0.517588 0.669598
797 0.516939 0.668758
798 0.516291 0.667920
799 0.516896 0.667084
800 0.516250 0.667500
801 0.515605 0.666667
802 0.516209 0.667082
803 0.516812 0.666252
804 0.516169 0.665423
805 0.515528 0.665839
806 0.514888 0.666253
807 0.515489 0.666667
808 0.514851 0.665842
809 0.514215 0.666255
810 0.513580 0.666667
811 0.514180 0.665845
812 0.513547 0.665025
813 0.512915 0.665437
814 0.513514 0.665848
815 0.512883 0.666258
816 0.512255 0.666667
817 0.512852 0.667075
818 0.513447 0.667482
819 0.512821 0.667888
820 0.512195 0.667073
821 0.511571 0.667479
822 0.510949 0.667883
823 0.511543 0.668287
824 0.510922 0.667476
825 0.511515 0.667879
826 0.510896 0.667070
827 0.510278 0.667473
828 0.510870 0.667874
829 0.511460 0.668275
830 0.510843 0.667470
831 0.511432 0.666667
832 0.510817 0.667067
833 0.511405 0.667467
834 0.511990 0.666667
835 0.511377 0.667066
836 0.510766 0.666268
837 0.510155 0.666667
838 0.510740 0.667064
839 0.511323 0.666269
840 0.511905 0.665476
841 0.512485 0.665874
842 0.511876 0.666271
843 0.511269 0.666667
844 0.510664 0.667062
845 0.511243 0.667456
846 0.510638 0.667849
847 0.511216 0.667060
848 0.511792 0.667453
849 0.512367 0.666667
850 0.511765 0.667059
851 0.511163 0.667450
852 0.510563 0.667840
853 0.511137 0.668230
854 0.511710 0.667447
855 0.511111 0.666667
856 0.511682 0.667056
857 0.511085 0.667445
858 0.511655 0.667832
859 0.512224 0.667055
860 0.512791 0.667442
861 0.513357 0.667828
862 0.513921 0.668213
863 0.514484 0.667439
864 0.513889 0.667824
865 0.513295 0.667052
866 0.512702 0.667436
867 0.513264 0.667820
868 0.513825 0.668203
869 0.513234 0.667434
870 0.513793 0.667816
871 0.513203 0.668197
872 0.513761 0.668578
873 0.514318 0.668958
874 0.514874 0.669336
875 0.514286 0.669714
876 0.514840 0.670091
877 0.515393 0.670468
878 0.515945 0.669704
879 0.515358 0.670080
880 0.515909 0.669318
881 0.515323 0.668558
882 0.514739 0.668934
883 0.514156 0.669309
884 0.513575 0.668552
885 0.512994 0.667797
886 0.512415 0.668172
887 0.511838 0.667418
888 0.512387 0.666667
889 0.512936 0.665917
890 0.513483 0.666292
891 0.514029 0.665544
892 0.513453 0.665919
893 0.512878 0.666293
894 0.512304 0.665548
895 0.512849 0.665922
896 0.513393 0.666295
897 0.513935 0.665552
898 0.513363 0.665924
899 0.512792 0.666296
900 0.513333 0.666667
901 0.512764 0.667037
902 0.513304 0.666297
903 0.513843 0.665559
904 0.514381 0.665929
905 0.513812 0.665193
906 0.514349 0.665563
907 0.514884 0.665932
908 0.514317 0.665198
909 0.514851 0.665567
910 0.514286 0.665934
911 0.514819 0.666301
912 0.514254 0.666667
913 0.514786 0.665936
914 0.514223 0.666302
915 0.513661 0.666667
916 0.514192 0.667031
917 0.513631 0.667394
918 0.514161 0.667756
919 0.513602 0.668118
920 0.514130 0.668478
921 0.514658 0.668838
922 0.515184 0.668113
923 0.514626 0.668472
924 0.515152 0.667749
925 0.515676 0.668108
926 0.515119 0.668467
927 0.514563 0.668824
928 0.514009 0.668103
929 0.513455 0.668461
930 0.512903 0.668817
931 0.513426 0.668099
932 0.513948 0.667382
933 0.514469 0.667738
934 0.513919 0.668094
935 0.513369 0.668449
936 0.513889 0.667735
937 0.513340 0.668090
938 0.513859 0.667377
939 0.514377 0.666667
940 0.514894 0.667021
941 0.515409 0.666312
942 0.514862 0.666667
943 0.515376 0.665960
944 0.515890 0.666314
945 0.516402 0.665608
946 0.515856 0.665962
947 0.516367 0.666315
948 0.515823 0.666667
949 0.515279 0.667018
950 0.515789 0.667368
951 0.515247 0.667718
952 0.515756 0.667017
953 0.516264 0.667366
954 0.516771 0.666667
955 0.517277 0.667016
956 0.516736 0.667364
957 0.516196 0.667712
958 0.516701 0.667015
959 0.517205 0.667362
960 0.516667 0.667708
961 0.516129 0.667014
962 0.515593 0.666320
963 0.516096 0.665628
964 0.516598 0.665975
965 0.516062 0.665285
966 0.515528 0.664596
967 0.516029 0.664943
968 0.516529 0.665289
969 0.515996 0.665635
970 0.516495 0.664948
971 0.516993 0.665294
972 0.516461 0.664609
973 0.516958 0.664954
974 0.517454 0.665298
975 0.517949 0.665641
976 0.518443 0.665984
977 0.517912 0.666325
978 0.517382 0.666667
979 0.517875 0.667007
980 0.517347 0.667347
981 0.516820 0.667686
982 0.517312 0.667006
983 0.517803 0.666328
984 0.517276 0.666667
985 0.517766 0.667005
986 0.518256 0.666329
987 0.517730 0.666667
988 0.517206 0.665992
989 0.516684 0.666330
990 0.517172 0.666667
991 0.516650 0.665994
992 0.517137 0.666331
993 0.516616 0.666667
994 0.516097 0.667002
995 0.516583 0.666332
996 0.516064 0.666667
997 0.516550 0.667001
998 0.516032 0.667335
999 0.516517 0.667668
1000 0.516000 0.667000
1001 0.516484 0.667333
1002 0.515968 0.666667
1003 0.515454 0.666999
1004 0.514940 0.667331
1005 0.514428 0.667662
1006 0.514911 0.667992
1007 0.515392 0.667329
1008 0.514881 0.667659
1009 0.515362 0.667988
1010 0.515842 0.667327
1011 0.515331 0.667656
1012 0.515810 0.667984
1013 0.515301 0.667325
1014 0.515779 0.667653
1015 0.515271 0.667980
1016 0.515748 0.668307
1017 0.515241 0.668633
1018 0.514735 0.668959
1019 0.514230 0.669284
1020 0.514706 0.669608
1021 0.514202 0.669931
1022 0.514677 0.670254
1023 0.515152 0.670577
1024 0.515625 0.670898
1025 0.515122 0.670244
1026 0.515595 0.670565
1027 0.516066 0.670886
1028 0.516537 0.671206
1029 0.516035 0.670554
1030 0.515534 0.670874
1031 0.516004 0.670223
1032 0.516473 0.670543
1033 0.516941 0.670862
1034 0.516441 0.671180
1035 0.515942 0.671498
1036 0.515444 0.670849
1037 0.515911 0.670203
1038 0.515414 0.670520
1039 0.514918 0.670837
1040 0.514423 0.671154
1041 0.513929 0.671470
1042 0.514395 0.671785
1043 0.513902 0.672100
1044 0.513410 0.671456
1045 0.512919 0.671770
1046 0.513384 0.671128
1047 0.513849 0.670487
1048 0.513359 0.670802
1049 0.513823 0.671115
1050 0.514286 0.670476
1051 0.514748 0.669838
1052 0.515209 0.670152
1053 0.514720 0.669516
1054 0.514231 0.669829
1055 0.514692 0.669194
1056 0.515152 0.669508
1057 0.514664 0.669820
1058 0.514178 0.669187
1059 0.514636 0.668555
1060 0.514151 0.668868
1061 0.513666 0.669180
1062 0.513183 0.669492
1063 0.513641 0.668862
1064 0.513158 0.669173
1065 0.512676 0.669484
1066 0.513133 0.668856
1067 0.513590 0.669166
1068 0.513109 0.669476
1069 0.512629 0.669785
1070 0.512150 0.670093
1071 0.511671 0.670401
1072 0.512127 0.670709
1073 0.512582 0.671016
1074 0.512104 0.670391
1075 0.512558 0.670698
1076 0.513011 0.670074
1077 0.513463 0.670381
1078 0.512987 0.670686
1079 0.512512 0.670992
1080 0.512963 0.670370
1081 0.512488 0.670675
1082 0.512015 0.670980
1083 0.512465 0.671283
1084 0.511993 0.671587
1085 0.511521 0.671889
1086 0.511050 0.672192
1087 0.511500 0.671573
1088 0.511949 0.671875
1089 0.511478 0.672176
1090 0.511927 0.672477
1091 0.511457 0.671861
1092 0.511905 0.672161
1093 0.511436 0.672461
1094 0.511883 0.672761
1095 0.512329 0.673059
1096 0.512774 0.673358
1097 0.513218 0.672744
1098 0.513661 0.672131
1099 0.513194 0.672429
1100 0.512727 0.672727
1101 0.512262 0.672116
1102 0.512704 0.672414
1103 0.513146 0.671804
1104 0.513587 0.672101
1105 0.514027 0.672398
1106 0.513562 0.671790
1107 0.514002 0.671183
1108 0.513538 0.671480
1109 0.513075 0.671776
1110 0.513514 0.671171
1111 0.513951 0.671467
1112 0.513489 0.671763
1113 0.513926 0.672058
1114 0.514363 0.672352
1115 0.513901 0.672646
1116 0.513441 0.672939
1117 0.513876 0.673232
1118 0.514311 0.673524
1119 0.514745 0.673816
1120 0.514286 0.674107
1121 0.514719 0.674398
1122 0.514260 0.674688
1123 0.513802 0.674087
1124 0.514235 0.674377
1125 0.513778 0.673778
1126 0.513321 0.674067
1127 0.512866 0.673469
1128 0.513298 0.672872
1129 0.513729 0.672276
1130 0.513274 0.672566
1131 0.512821 0.672856
1132 0.513251 0.673145
1133 0.513680 0.672551
1134 0.513228 0.672840
1135 0.512775 0.673128
1136 0.512324 0.673415
1137 0.512753 0.673703
1138 0.513181 0.673111
1139 0.513608 0.673398
1140 0.513158 0.672807
1141 0.513585 0.672217
1142 0.513135 0.672504
1143 0.513561 0.672791
1144 0.513112 0.673077
1145 0.513537 0.673362
1146 0.513962 0.673647
1147 0.513514 0.673060
1148 0.513937 0.673345
1149 0.514360 0.672759
1150 0.514783 0.672174
1151 0.515204 0.672459
1152 0.515625 0.672743
1153 0.515178 0.673027
1154 0.514731 0.673310
1155 0.514286 0.673593
1156 0.514706 0.673010
1157 0.514261 0.672429
1158 0.514680 0.671848
1159 0.515099 0.671268
1160 0.514655 0.671552
1161 0.514212 0.670973
1162 0.513769 0.671256
1163 0.514187 0.670679
1164 0.513746 0.670962
1165 0.514163 0.671245
1166 0.514580 0.671527
1167 0.514139 0.670951
1168 0.514555 0.671233
1169 0.514970 0.671514
1170 0.515385 0.670940
1171 0.515798 0.671221
1172 0.515358 0.671502
1173 0.515772 0.670929
1174 0.516184 0.671210
1175 0.516596 0.671489
1176 0.516156 0.671769
1177 0.515718 0.672048
1178 0.516129 0.672326
1179 0.516539 0.671756
1180 0.516102 0.672034
1181 0.515665 0.671465
1182 0.515228 0.670897
1183 0.515638 0.670330
1184 0.515203 0.670608
1185 0.514768 0.670886
1186 0.514334 0.671164
1187 0.514743 0.671441
1188 0.515152 0.671717
1189 0.515559 0.671993
1190 0.515966 0.671429
1191 0.515533 0.671704
1192 0.515940 0.671980
1193 0.516345 0.672255
1194 0.515913 0.671692
1195 0.516318 0.671967
1196 0.516722 0.672241
1197 0.517126 0.672515
1198 0.517529 0.672788
1199 0.517098 0.672227
1200 0.516667 0.672500
1201 0.516236 0.672773
1202 0.516639 0.673045
1203 0.517041 0.673317
1204 0.516611 0.673588
1205 0.517012 0.673029
1206 0.517413 0.672471
1207 0.517813 0.672742
1208 0.517384 0.673013
1209 0.516956 0.673284
1210 0.517355 0.673554
1211 0.516928 0.672998
1212 0.517327 0.673267
1213 0.516900 0.673537
1214 0.516474 0.673806
1215 0.516049 0.674074
1216 0.516447 0.674342
1217 0.516845 0.674610
1218 0.516420 0.674877
1219 0.515997 0.675144
1220 0.516393 0.674590
1221 0.515971 0.674038
1222 0.516367 0.674304
1223 0.516762 0.674571
1224 0.517157 0.674837
1225 0.516735 0.674286
1226 0.516313 0.674551
1227 0.516707 0.674817
1228 0.516287 0.675081
1229 0.515867 0.674532
1230 0.515447 0.674797
1231 0.515028 0.675061
1232 0.515422 0.675325
1233 0.515004 0.675588
1234 0.515397 0.675851
1235 0.514980 0.675304
1236 0.515372 0.675566
1237 0.515764 0.675829
1238 0.515347 0.676090
1239 0.514931 0.675545
1240 0.515323 0.675806
1241 0.515713 0.676068
1242 0.516103 0.676329
1243 0.516492 0.675784
1244 0.516881 0.675241
1245 0.517269 0.675502
1246 0.517657 0.674960
1247 0.518043 0.675221
1248 0.517628 0.674679
1249 0.518014 0.674940
1250 0.518400 0.674400
1251 0.517986 0.673861
1252 0.518371 0.674121
1253 0.518755 0.674381
1254 0.518341 0.674641
1255 0.518725 0.674900
1256 0.519108 0.674363
1257 0.519491 0.674622
1258 0.519873 0.674881
1259 0.519460 0.675139
1260 0.519048 0.675397
1261 0.518636 0.675654
1262 0.519017 0.675911
1263 0.518606 0.676168
1264 0.518987 0.676424
1265 0.519368 0.675889
1266 0.518957 0.676145
1267 0.519337 0.676401
1268 0.519716 0.676656
1269 0.520095 0.676911
1270 0.520472 0.677165
1271 0.520850 0.677419
1272 0.521226 0.677673
1273 0.521603 0.677926
1274 0.521193 0.677394
1275 0.521569 0.676863
1276 0.521160 0.677116
1277 0.521535 0.677369
1278 0.521127 0.677621
1279 0.521501 0.677091
1280 0.521094 0.676562
1281 0.521468 0.676815
1282 0.521841 0.677067
1283 0.521434 0.676539
1284 0.521028 0.676012
1285 0.520623 0.676265
1286 0.520995 0.675739
1287 0.521368 0.675991
1288 0.520963 0.676242
1289 0.521334 0.676493
1290 0.521705 0.675969
1291 0.522076 0.676220
1292 0.521672 0.676471
1293 0.522042 0.676721
1294 0.522411 0.676198
1295 0.522008 0.676448
1296 0.522377 0.675926
1297 0.522745 0.676176
1298 0.523112 0.676425
1299 0.522710 0.676674
1300 0.522308 0.676923
1301 0.522675 0.677171
1302 0.523041 0.676651
1303 0.522640 0.676899
1304 0.522239 0.676380
1305 0.521839 0.676628
1306 0.522205 0.676876
1307 0.522571 0.677123
1308 0.522171 0.676606
1309 0.522536 0.676853
1310 0.522137 0.677099
1311 0.521739 0.677346
1312 0.521341 0.677591
1313 0.520944 0.677837
1314 0.520548 0.678082
1315 0.520913 0.678327
1316 0.521277 0.678571
1317 0.520881 0.678815
1318 0.521244 0.678300
1319 0.521607 0.678544
1320 0.521970 0.678030
1321 0.522332 0.678274
1322 0.521936 0.678517
1323 0.522298 0.678760
1324 0.521903 0.679003
1325 0.521509 0.679245
1326 0.521870 0.679487
1327 0.522231 0.678975
1328 0.522590 0.679217
1329 0.522197 0.678706
1330 0.521805 0.678195
1331 0.521412 0.678437
1332 0.521772 0.678679
1333 0.521380 0.678920
1334 0.521739 0.679160
1335 0.522097 0.678652
1336 0.521707 0.678144
1337 0.522064 0.677636
1338 0.521674 0.677877
1339 0.522031 0.678118
1340 0.522388 0.678358
1341 0.522744 0.678598
1342 0.523100 0.678838
1343 0.522710 0.678332
1344 0.523065 0.678571
1345 0.522677 0.678067
1346 0.523031 0.678306
1347 0.523385 0.678545
1348 0.523739 0.678783
1349 0.523351 0.679021
1350 0.522963 0.679259
1351 0.523316 0.679497
1352 0.523669 0.679734
1353 0.524021 0.679231
1354 0.523634 0.678730
1355 0.523985 0.678967
1356 0.523599 0.679204
1357 0.523213 0.678703
1358 0.522828 0.678940
1359 0.522443 0.679176
1360 0.522794 0.679412
1361 0.522410 0.678913
1362 0.522761 0.679148
1363 0.523111 0.678650
1364 0.523460 0.678886
1365 0.523810 0.679121
1366 0.523426 0.679356
1367 0.523043 0.679590
1368 0.523392 0.679094
1369 0.523009 0.678598
1370 0.523358 0.678102
1371 0.523705 0.678337
1372 0.524052 0.678571
1373 0.523671 0.678077
1374 0.523290 0.678311
1375 0.522909 0.678545
1376 0.523256 0.678779
1377 0.523602 0.679012
1378 0.523948 0.678520
1379 0.523568 0.678753
1380 0.523188 0.678986
1381 0.522810 0.678494
1382 0.523155 0.678726
1383 0.522777 0.678236
1384 0.522399 0.678468
1385 0.522744 0.678700
1386 0.523088 0.678211
1387 0.522711 0.677722
1388 0.523055 0.677233
1389 0.522678 0.677466
1390 0.523022 0.677698
1391 0.523364 0.677211
1392 0.522989 0.676724
1393 0.522613 0.676956
1394 0.522956 0.677188
1395 0.523297 0.677419
1396 0.523639 0.676934
1397 0.523264 0.676450
1398 0.523605 0.676681
1399 0.523231 0.676912
1400 0.523571 0.677143
1401 0.523198 0.676660
1402 0.523538 0.676890
1403 0.523165 0.676408
1404 0.522792 0.676638
1405 0.523132 0.676868
1406 0.523471 0.676387
1407 0.523099 0.675906
1408 0.522727 0.676136
1409 0.522356 0.676366
1410 0.522695 0.676596
1411 0.523033 0.676116
1412 0.522663 0.676346
1413 0.522293 0.676575
1414 0.521924 0.676803
1415 0.522261 0.677032
1416 0.521893 0.677260
1417 0.521524 0.676782
1418 0.521862 0.677010
1419 0.521494 0.677237
1420 0.521127 0.676761
1421 0.521464 0.676988
1422 0.521097 0.677215
1423 0.520731 0.677442
1424 0.521067 0.677669
1425 0.520702 0.677895
1426 0.520337 0.678121
1427 0.519972 0.678346
1428 0.520308 0.678571
1429 0.519944 0.678097
1430 0.520280 0.677622
1431 0.519916 0.677848
1432 0.520251 0.677374
1433 0.520586 0.677599
1434 0.520921 0.677824
1435 0.520557 0.678049
1436 0.520891 0.678273
1437 0.520529 0.678497
1438 0.520167 0.678720
1439 0.520500 0.678944
1440 0.520833 0.679167
1441 0.521166 0.679389
1442 0.520804 0.679612
1443 0.521137 0.679141
1444 0.520776 0.679363
1445 0.521107 0.679585
1446 0.521438 0.679806
1447 0.521078 0.680028
1448 0.520718 0.680249
1449 0.521049 0.679779
1450 0.521379 0.679310
1451 0.521020 0.678842
1452 0.521350 0.679063
1453 0.520991 0.679284
1454 0.520633 0.679505
1455 0.520275 0.679725
1456 0.519918 0.679945
1457 0.519561 0.680165
1458 0.519890 0.680384
1459 0.519534 0.679918
1460 0.519863 0.680137
1461 0.520192 0.680356
1462 0.519836 0.679891
1463 0.519481 0.680109
1464 0.519809 0.679645
1465 0.520137 0.679181
1466 0.520464 0.679400
1467 0.520791 0.678937
1468 0.520436 0.679155
1469 0.520762 0.679374
1470 0.520408 0.679592
1471 0.520054 0.679810
1472 0.519701 0.680027
1473 0.520027 0.680244
1474 0.520353 0.679783
1475 0.520000 0.680000
1476 0.519648 0.679539
1477 0.519296 0.679756
1478 0.519621 0.679973
1479 0.519946 0.679513
1480 0.520270 0.679730
1481 0.519919 0.679271
1482 0.520243 0.679487
1483 0.519892 0.679029
1484 0.519542 0.679245
1485 0.519192 0.678788
1486 0.518843 0.678331
1487 0.518494 0.678547
1488 0.518817 0.678091
1489 0.519140 0.678308
1490 0.519463 0.678523
1491 0.519785 0.678739
1492 0.520107 0.678954
1493 0.520429 0.679169
1494 0.520080 0.679384
1495 0.520401 0.679599
1496 0.520722 0.679144
1497 0.520374 0.678691
1498 0.520694 0.678238
1499 0.521014 0.677785
1500 0.520667 0.678000
1501 0.520986 0.678215
1502 0.520639 0.677763
1503 0.520958 0.677977
1504 0.520612 0.678191
1505 0.520930 0.678405
1506 0.521248 0.678619
1507 0.520902 0.678832
1508 0.521220 0.678382
1509 0.521537 0.678595
1510 0.521854 0.678808
1511 0.522171 0.679021
1512 0.522487 0.678571
1513 0.522802 0.678784
1514 0.523118 0.678996
1515 0.522772 0.679208
1516 0.522427 0.679420
1517 0.522742 0.679631
1518 0.522398 0.679842
1519 0.522054 0.680053
1520 0.522368 0.679605
1521 0.522025 0.679816
1522 0.522339 0.679369
1523 0.521996 0.679580
1524 0.521654 0.679134
1525 0.521311 0.679344
1526 0.520970 0.679554
1527 0.520629 0.679764
1528 0.520288 0.679319
1529 0.519948 0.679529
1530 0.519608 0.679739
1531 0.519268 0.679295
1532 0.519582 0.678851
1533 0.519243 0.679061
1534 0.518905 0.678618
1535 0.518567 0.678176
1536 0.518229 0.678385
1537 0.518543 0.677944
1538 0.518205 0.678153
1539 0.517869 0.678363
1540 0.517532 0.678571
1541 0.517197 0.678780
1542 0.517510 0.678988
1543 0.517822 0.679196
1544 0.517487 0.679404
1545 0.517799 0.679612
1546 0.517464 0.679819
1547 0.517776 0.680026
1548 0.517442 0.680233
1549 0.517108 0.679793
1550 0.516774 0.680000
1551 0.517086 0.680206
1552 0.517397 0.680412
1553 0.517708 0.680618
1554 0.517375 0.680180
1555 0.517685 0.680386
1556 0.517995 0.680591
1557 0.517662 0.680154
1558 0.517972 0.680359
1559 0.518281 0.679923
1560 0.518590 0.680128
1561 0.518898 0.680333
1562 0.519206 0.680538
1563 0.518874 0.680742
1564 0.519182 0.680946
1565 0.518850 0.681150
1566 0.518519 0.681354
1567 0.518188 0.681557
1568 0.517857 0.681760
1569 0.518164 0.681963
1570 0.518471 0.682166
1571 0.518141 0.681731
1572 0.518448 0.681934
1573 0.518118 0.682136
1574 0.517789 0.682338
1575 0.518095 0.681905
1576 0.518401 0.682107
1577 0.518706 0.681674
1578 0.519011 0.681242
1579 0.518683 0.680811
1580 0.518354 0.680380
1581 0.518659 0.680582
1582 0.518331 0.680152
1583 0.518636 0.680354
1584 0.518939 0.680556
1585 0.519243 0.680757
1586 0.519546 0.680328
1587 0.519219 0.680529
1588 0.518892 0.680730
1589 0.519194 0.680931
1590 0.519497 0.681132
1591 0.519170 0.681332
1592 0.518844 0.681533
1593 0.518519 0.681733
1594 0.518193 0.681305
1595 0.517868 0.681505
1596 0.517544 0.681704
1597 0.517846 0.681904
1598 0.518148 0.682103
1599 0.518449 0.681676
1600 0.518125 0.681250
1601 0.517801 0.681449
1602 0.517478 0.681648
1603 0.517779 0.681223
1604 0.517456 0.681421
1605 0.517134 0.680997
1606 0.517435 0.681196
1607 0.517735 0.681394
1608 0.518035 0.681592
1609 0.518334 0.681790
1610 0.518012 0.681988
1611 0.518312 0.682185
1612 0.517990 0.682382
1613 0.517669 0.682579
1614 0.517968 0.682156
1615 0.517647 0.682353
1616 0.517327 0.681931
1617 0.517007 0.682127
1618 0.517305 0.682324
1619 0.516986 0.682520
1620 0.517284 0.682716
1621 0.516965 0.682295
1622 0.516646 0.681874
1623 0.516944 0.682070
1624 0.516626 0.682266
1625 0.516923 0.682462
1626 0.517220 0.682657
1627 0.516902 0.682852
1628 0.516585 0.683047
1629 0.516882 0.683241
1630 0.516564 0.682822
1631 0.516248 0.683017
1632 0.515931 0.682598
1633 0.516228 0.682792
1634 0.516524 0.682375
1635 0.516208 0.681957
1636 0.515892 0.682152
1637 0.515577 0.682346
1638 0.515873 0.682540
1639 0.515558 0.682733
1640 0.515244 0.682927
1641 0.515539 0.682511
1642 0.515225 0.682704
1643 0.514912 0.682897
1644 0.515207 0.683090
1645 0.514894 0.683283
1646 0.514581 0.683475
1647 0.514876 0.683060
1648 0.514563 0.683252
1649 0.514251 0.683445
1650 0.513939 0.683636
1651 0.513628 0.683222
1652 0.513923 0.683414
1653 0.514217 0.683606
1654 0.514510 0.683797
1655 0.514804 0.683988
1656 0.514493 0.684179
1657 0.514786 0.684369
1658 0.515078 0.684560
1659 0.515371 0.684750
1660 0.515663 0.684940
1661 0.515352 0.684527
1662 0.515644 0.684116
1663 0.515334 0.684305
1664 0.515625 0.683894
1665 0.515315 0.684084
1666 0.515606 0.684274
1667 0.515897 0.684463
1668 0.515588 0.684053
1669 0.515279 0.683643
1670 0.515569 0.683832
1671 0.515859 0.684022
1672 0.515550 0.684211
1673 0.515242 0.684399
1674 0.514934 0.684588
1675 0.514627 0.684776
1676 0.514320 0.684964
1677 0.514013 0.684556
1678 0.513707 0.684744
1679 0.513996 0.684932
1680 0.514286 0.685119
1681 0.513980 0.685306
1682 0.513674 0.685493
1683 0.513369 0.685680
1684 0.513658 0.685867
1685 0.513947 0.685460
1686 0.513642 0.685053
1687 0.513930 0.685240
1688 0.513626 0.685427
1689 0.513914 0.685613
1690 0.514201 0.685799
1691 0.513897 0.685985
1692 0.513593 0.686170
1693 0.513881 0.686356
1694 0.513577 0.686541
1695 0.513274 0.686726
1696 0.512972 0.686910
1697 0.513259 0.686506
1698 0.513545 0.686690
1699 0.513243 0.686286
1700 0.512941 0.686471
1701 0.513228 0.686067
1702 0.512926 0.686251
1703 0.512625 0.686436
1704 0.512324 0.686033
1705 0.512610 0.686217
1706 0.512309 0.685815
1707 0.512009 0.685999
1708 0.512295 0.686183
1709 0.511995 0.685781
1710 0.512281 0.685965
1711 0.512566 0.686148
1712 0.512266 0.686332
1713 0.512551 0.685931
1714 0.512252 0.686114
1715 0.512536 0.685714
1716 0.512821 0.685315
1717 0.512522 0.685498
1718 0.512224 0.685099
1719 0.512507 0.684700
1720 0.512209 0.684302
1721 0.512493 0.683905
1722 0.512776 0.683508
1723 0.513059 0.683691
1724 0.513341 0.683875
1725 0.513043 0.683478
1726 0.512746 0.683662
1727 0.513028 0.683845
1728 0.513310 0.683449
1729 0.513013 0.683632
1730 0.513295 0.683237
1731 0.512998 0.682842
1732 0.512702 0.682448
1733 0.512983 0.682631
1734 0.512687 0.682814
1735 0.512968 0.682997
1736 0.512673 0.683180
1737 0.512378 0.683362
1738 0.512083 0.682969
1739 0.511788 0.683151
1740 0.511494 0.683333
1741 0.511200 0.683515
1742 0.511481 0.683123
1743 0.511188 0.683305
1744 0.510894 0.682913
1745 0.510602 0.683095
1746 0.510309 0.683276
1747 0.510017 0.683457
1748 0.509725 0.683066
1749 0.509434 0.683248
1750 0.509143 0.682857
1751 0.508852 0.683038
1752 0.508562 0.683219
1753 0.508842 0.683400
1754 0.509122 0.683010
1755 0.508832 0.683191
1756 0.509112 0.683371
1757 0.508822 0.683552
1758 0.508532 0.683732
1759 0.508243 0.683343
1760 0.508523 0.682955
1761 0.508234 0.682567
1762 0.508513 0.682179
1763 0.508225 0.682360
1764 0.508503 0.681973
1765 0.508782 0.681586
1766 0.508494 0.681200
1767 0.508772 0.681381
1768 0.509050 0.681561
1769 0.509327 0.681741
1770 0.509040 0.681921
1771 0.508752 0.682101
1772 0.508465 0.682280
1773 0.508742 0.681895
1774 0.509019 0.682074
1775 0.509296 0.681690
1776 0.509572 0.681869
1777 0.509848 0.681486
1778 0.510124 0.681665
1779 0.510399 0.681282
1780 0.510112 0.680899
1781 0.509826 0.680517
1782 0.509540 0.680696
1783 0.509815 0.680314
1784 0.510090 0.680493
1785 0.510364 0.680672
1786 0.510078 0.680851
1787 0.510353 0.681030
1788 0.510626 0.681208
1789 0.510341 0.681386
1790 0.510056 0.681006
1791 0.509771 0.681184
1792 0.510045 0.681362
1793 0.509760 0.681539
1794 0.509476 0.681717
1795 0.509192 0.681894
1796 0.509465 0.681514
1797 0.509182 0.681692
1798 0.508899 0.681313
1799 0.509172 0.680934
1800 0.508889 0.680556
1801 0.509162 0.680733
1802 0.509434 0.680910
1803 0.509706 0.681087
1804 0.509424 0.680710
1805 0.509141 0.680332
1806 0.509413 0.680509
1807 0.509685 0.680686
1808 0.509956 0.680863
1809 0.509674 0.680486
1810 0.509392 0.680663
1811 0.509111 0.680839
1812 0.509382 0.681015
1813 0.509653 0.681191
1814 0.509372 0.681367
1815 0.509091 0.681543
1816 0.508811 0.681718
1817 0.508531 0.681343
1818 0.508801 0.681518
1819 0.509071 0.681693
1820 0.509341 0.681319
1821 0.509061 0.681494
1822 0.508782 0.681668
1823 0.509051 0.681843
1824 0.509320 0.682018
1825 0.509589 0.681644
1826 0.509858 0.681818
1827 0.509579 0.681992
1828 0.509300 0.682166
1829 0.509021 0.682340
1830 0.508743 0.682514
1831 0.509011 0.682141
1832 0.509279 0.681769
1833 0.509547 0.681397
1834 0.509269 0.681570
1835 0.508992 0.681744
1836 0.508715 0.681917
1837 0.508982 0.682090
1838 0.508705 0.682263
1839 0.508428 0.682436
1840 0.508696 0.682609
1841 0.508963 0.682781
1842 0.509229 0.682953
1843 0.509495 0.683125
1844 0.509761 0.683297
1845 0.509485 0.683469
1846 0.509751 0.683099
1847 0.510016 0.683270
1848 0.510281 0.683442
1849 0.510546 0.683613
1850 0.510270 0.683784
1851 0.510535 0.683955
1852 0.510799 0.684125
1853 0.510523 0.684296
1854 0.510787 0.683927
1855 0.511051 0.684097
1856 0.511315 0.684267
1857 0.511578 0.684437
1858 0.511302 0.684607
1859 0.511565 0.684777
1860 0.511290 0.684409
1861 0.511553 0.684578
1862 0.511815 0.684748
1863 0.512077 0.684380
1864 0.511803 0.684549
1865 0.512064 0.684182
1866 0.512326 0.684352
1867 0.512587 0.684521
1868 0.512848 0.684690
1869 0.513109 0.684323
1870 0.512834 0.684492
1871 0.513095 0.684126
1872 0.512821 0.683761
1873 0.513081 0.683930
1874 0.512807 0.684098
1875 0.513067 0.683733
1876 0.512793 0.683902
1877 0.513053 0.684070
1878 0.512780 0.684239
1879 0.512507 0.684407
1880 0.512766 0.684574
1881 0.512493 0.684742
1882 0.512752 0.684910
1883 0.513011 0.685077
1884 0.513270 0.684713
1885 0.513528 0.684881
1886 0.513256 0.685048
1887 0.513514 0.685215
1888 0.513242 0.685381
1889 0.512970 0.685548
1890 0.512698 0.685714
1891 0.512427 0.685352
1892 0.512685 0.685518
1893 0.512942 0.685684
1894 0.512672 0.685322
1895 0.512401 0.685488
1896 0.512131 0.685127
1897 0.512388 0.685293
1898 0.512645 0.685458
1899 0.512375 0.685097
1900 0.512632 0.685263
1901 0.512362 0.685429
1902 0.512618 0.685594
1903 0.512349 0.685759
1904 0.512605 0.685924
1905 0.512861 0.686089
1906 0.513116 0.685729
1907 0.513372 0.685370
1908 0.513103 0.685535
1909 0.512834 0.685699
1910 0.513089 0.685864
1911 0.512821 0.686028
1912 0.512552 0.685669
1913 0.512284 0.685834
1914 0.512539 0.685475
1915 0.512272 0.685640
1916 0.512004 0.685282
1917 0.512259 0.684924
1918 0.512513 0.684567
1919 0.512767 0.684732
1920 0.512500 0.684896
1921 0.512754 0.685060
1922 0.513007 0.685224
1923 0.513261 0.685387
1924 0.513514 0.685551
1925 0.513247 0.685714
1926 0.513499 0.685877
1927 0.513752 0.686040
1928 0.513485 0.685685
1929 0.513219 0.685848
1930 0.513472 0.685492
1931 0.513206 0.685655
1932 0.512940 0.685818
1933 0.512675 0.685980
1934 0.512927 0.685626
1935 0.513178 0.685788
1936 0.513430 0.685950
1937 0.513681 0.686113
1938 0.513932 0.686275
1939 0.514183 0.686436
1940 0.513918 0.686598
1941 0.514168 0.686759
1942 0.513903 0.686921
1943 0.513639 0.687082
1944 0.513374 0.686728
1945 0.513111 0.686889
1946 0.513361 0.687050
1947 0.513611 0.687211
1948 0.513860 0.687372
1949 0.513597 0.687532
1950 0.513333 0.687179
1951 0.513070 0.686827
1952 0.513320 0.686988
1953 0.513569 0.687148
1954 0.513818 0.687308
1955 0.513555 0.686957
1956 0.513804 0.687117
1957 0.513541 0.687276
1958 0.513790 0.687436
1959 0.513527 0.687596
1960 0.513265 0.687755
1961 0.513514 0.687914
1962 0.513761 0.688073
1963 0.513500 0.687723
1964 0.513747 0.687373
1965 0.513486 0.687023
1966 0.513225 0.686673
1967 0.513472 0.686833
1968 0.513720 0.686992
1969 0.513459 0.687151
1970 0.513706 0.686802
1971 0.513445 0.686961
1972 0.513185 0.687120
1973 0.513431 0.686771
1974 0.513171 0.686424
1975 0.512911 0.686582
1976 0.513158 0.686741
1977 0.512898 0.686899
1978 0.513145 0.687058
1979 0.512885 0.686710
1980 0.512626 0.686869
1981 0.512367 0.687027
1982 0.512109 0.687185
1983 0.512355 0.687342
1984 0.512601 0.687500
1985 0.512343 0.687154
1986 0.512588 0.686808
1987 0.512330 0.686965
1988 0.512072 0.686620
1989 0.512318 0.686275
1990 0.512563 0.686432
1991 0.512808 0.686590
1992 0.512550 0.686747
1993 0.512293 0.686904
1994 0.512538 0.687061
1995 0.512281 0.687218
1996 0.512525 0.687375
1997 0.512769 0.687531
1998 0.512513 0.687187
1999 0.512756 0.687344
2000 0.512500 0.687000
2001 0.512244 0.687156
2002 0.511988 0.687313
2003 0.511732 0.687469
2004 0.511477 0.687625
2005 0.511721 0.687781
2006 0.511964 0.687936
2007 0.512207 0.688092
2008 0.512450 0.687749
2009 0.512195 0.687904
2010 0.512438 0.688060
2011 0.512680 0.688215
2012 0.512425 0.688370
2013 0.512668 0.688525
2014 0.512413 0.688679
2015 0.512159 0.688337
2016 0.511905 0.688492
2017 0.511651 0.688151
2018 0.511397 0.688305
2019 0.511639 0.688460
2020 0.511386 0.688119
2021 0.511133 0.688273
2022 0.510880 0.688427
2023 0.511122 0.688581
2024 0.511364 0.688735
2025 0.511605 0.688889
2026 0.511846 0.689042
2027 0.512087 0.689196
2028 0.511834 0.689349
2029 0.512075 0.689502
2030 0.511823 0.689655
2031 0.512063 0.689316
2032 0.511811 0.689469
2033 0.512051 0.689621
2034 0.511799 0.689282
2035 0.512039 0.689435
2036 0.512279 0.689096
2037 0.512518 0.689249
2038 0.512267 0.689401
2039 0.512016 0.689554
2040 0.511765 0.689216
2041 0.511514 0.688878
2042 0.511263 0.689030
2043 0.511503 0.689183
2044 0.511252 0.689335
2045 0.511491 0.689487
2046 0.511241 0.689638
2047 0.511480 0.689301
2048 0.511230 0.688965
2049 0.510981 0.689117
2050 0.511220 0.688780
2051 0.510970 0.688445
2052 0.511209 0.688109
2053 0.510960 0.688261
2054 0.511198 0.688413
2055 0.511436 0.688078
2056 0.511187 0.687743
2057 0.511424 0.687895
2058 0.511176 0.687561
2059 0.511413 0.687712
2060 0.511165 0.687379
2061 0.510917 0.687530
2062 0.510669 0.687682
2063 0.510422 0.687833
2064 0.510174 0.687500
2065 0.509927 0.687167
2066 0.510165 0.687318
2067 0.509918 0.686986
2068 0.509671 0.687137
2069 0.509425 0.686805
2070 0.509179 0.686957
2071 0.509416 0.687108
2072 0.509653 0.687259
2073 0.509889 0.686927
2074 0.509643 0.687078
2075 0.509398 0.687229
2076 0.509152 0.687380
2077 0.509389 0.687049
2078 0.509143 0.686718
2079 0.509380 0.686869
2080 0.509135 0.687019
2081 0.508890 0.687170
2082 0.508646 0.686840
2083 0.508401 0.686990
2084 0.508157 0.686660
2085 0.508393 0.686811
2086 0.508629 0.686481
2087 0.508864 0.686632
2088 0.509100 0.686303
2089 0.509335 0.686453
2090 0.509569 0.686124
2091 0.509326 0.686275
2092 0.509082 0.686424
2093 0.509317 0.686574
2094 0.509551 0.686724
2095 0.509308 0.686396
2096 0.509065 0.686546
2097 0.508822 0.686695
2098 0.508580 0.686845
2099 0.508337 0.686994
2100 0.508571 0.686667
2101 0.508805 0.686816
2102 0.508563 0.686489
2103 0.508321 0.686163
2104 0.508080 0.686312
2105 0.507838 0.686461
2106 0.507597 0.686135
2107 0.507356 0.686284
2108 0.507116 0.686433
2109 0.507349 0.686107
2110 0.507583 0.686256
2111 0.507342 0.685931
2112 0.507102 0.686080
2113 0.507336 0.685755
2114 0.507569 0.685904
2115 0.507801 0.685579
2116 0.508034 0.685728
2117 0.508266 0.685404
2118 0.508026 0.685080
2119 0.508259 0.685229
2120 0.508019 0.684906
2121 0.508251 0.684583
2122 0.508011 0.684731
2123 0.508243 0.684409
2124 0.508475 0.684087
2125 0.508706 0.683765
2126 0.508467 0.683913
2127 0.508698 0.684062
2128 0.508459 0.684211
2129 0.508220 0.684359
2130 0.508451 0.684507
2131 0.508212 0.684655
2132 0.508443 0.684803
2133 0.508673 0.684482
2134 0.508903 0.684161
2135 0.509133 0.683841
2136 0.509363 0.683521
2137 0.509593 0.683201
2138 0.509822 0.683349
2139 0.510051 0.683029
2140 0.509813 0.682710
2141 0.509575 0.682858
2142 0.509337 0.683007
2143 0.509099 0.682688
2144 0.509328 0.682836
2145 0.509091 0.682984
2146 0.508854 0.682665
2147 0.509082 0.682813
2148 0.509311 0.682961
2149 0.509539 0.683108
2150 0.509767 0.683256
2151 0.509530 0.683403
2152 0.509294 0.683550
2153 0.509522 0.683697
2154 0.509285 0.683380
2155 0.509513 0.683527
2156 0.509740 0.683673
2157 0.509968 0.683820
2158 0.510195 0.683967
2159 0.509958 0.684113
2160 0.510185 0.683796
2161 0.510412 0.683943
2162 0.510638 0.684089
2163 0.510402 0.684235
2164 0.510166 0.683919
2165 0.510393 0.684065
2166 0.510157 0.684211
2167 0.510383 0.684356
2168 0.510609 0.684502
2169 0.510834 0.684647
2170 0.511060 0.684793
2171 0.511285 0.684938
2172 0.511510 0.685083
2173 0.511735 0.684768
2174 0.511960 0.684913
2175 0.512184 0.685057
2176 0.511949 0.685202
2177 0.512173 0.685347
2178 0.511938 0.685491
2179 0.511703 0.685177
2180 0.511927 0.684862
2181 0.511692 0.685007
2182 0.511457 0.684693
2183 0.511681 0.684379
2184 0.511447 0.684524
2185 0.511213 0.684211
2186 0.511436 0.684355
2187 0.511203 0.684499
2188 0.510969 0.684644
2189 0.511192 0.684331
2190 0.510959 0.684018
2191 0.510726 0.684162
2192 0.510493 0.684307
2193 0.510260 0.684451
2194 0.510483 0.684594
2195 0.510251 0.684738
2196 0.510018 0.684426
2197 0.509786 0.684570
2198 0.509554 0.684713
2199 0.509777 0.684857
2200 0.510000 0.685000
2201 0.510223 0.685143
2202 0.509991 0.685286
2203 0.509759 0.685429
2204 0.509528 0.685572
2205 0.509297 0.685714
2206 0.509519 0.685857
2207 0.509742 0.685999
2208 0.509964 0.686141
2209 0.509733 0.686283
2210 0.509502 0.686425
2211 0.509272 0.686567
2212 0.509494 0.686709
2213 0.509263 0.686850
2214 0.509485 0.686540
2215 0.509255 0.686682
2216 0.509025 0.686823
2217 0.509247 0.686513
2218 0.509468 0.686655
2219 0.509238 0.686796
2220 0.509459 0.686937
2221 0.509680 0.687078
2222 0.509901 0.687219
2223 0.510121 0.686910
2224 0.510342 0.686601
2225 0.510112 0.686742
2226 0.510332 0.686433
2227 0.510103 0.686574
2228 0.509874 0.686715
2229 0.509646 0.686855
2230 0.509865 0.686996
2231 0.510085 0.687136
2232 0.510305 0.686828
2233 0.510524 0.686968
2234 0.510743 0.687108
2235 0.510962 0.686801
2236 0.511181 0.686941
2237 0.511399 0.686634
2238 0.511171 0.686774
2239 0.510942 0.686914
2240 0.510714 0.687054
2241 0.510486 0.687193
2242 0.510259 0.687333
2243 0.510477 0.687026
2244 0.510695 0.687166
2245 0.510913 0.687305
2246 0.511131 0.686999
2247 0.511348 0.686693
2248 0.511121 0.686388
2249 0.510894 0.686527
2250 0.510667 0.686667
2251 0.510440 0.686806
2252 0.510657 0.686945
2253 0.510874 0.687084
2254 0.511091 0.687223
2255 0.511308 0.687361
2256 0.511082 0.687500
2257 0.511298 0.687638
2258 0.511515 0.687777
2259 0.511731 0.687915
2260 0.511947 0.687611
2261 0.511720 0.687749
2262 0.511936 0.687887
2263 0.511710 0.688025
2264 0.511484 0.687721
2265 0.511700 0.687859
2266 0.511915 0.687555
2267 0.511689 0.687252
2268 0.511905 0.687390
2269 0.512120 0.687528
2270 0.511894 0.687665
2271 0.512109 0.687803
2272 0.511884 0.687500
2273 0.511659 0.687637
2274 0.511434 0.687775
2275 0.511648 0.687912
2276 0.511424 0.688049
2277 0.511199 0.688186
2278 0.511414 0.688323
2279 0.511628 0.688460
2280 0.511842 0.688158
2281 0.512056 0.688295
2282 0.511832 0.688431
2283 0.512046 0.688130
2284 0.511821 0.687828
2285 0.511597 0.687965
2286 0.511811 0.687664
2287 0.511587 0.687801
2288 0.511364 0.687937
2289 0.511140 0.687637
2290 0.510917 0.687336
2291 0.510694 0.687473
2292 0.510471 0.687609
2293 0.510249 0.687745
2294 0.510462 0.687881
2295 0.510675 0.688017
2296 0.510889 0.688153
2297 0.511101 0.687854
2298 0.510879 0.687990
2299 0.510657 0.688125
2300 0.510870 0.688261
2301 0.510648 0.688396
2302 0.510426 0.688532
2303 0.510638 0.688667
2304 0.510851 0.688802
2305 0.510629 0.688503
2306 0.510841 0.688638
2307 0.511053 0.688773
2308 0.510832 0.688908
2309 0.510611 0.689043
2310 0.510823 0.689177
2311 0.511034 0.689312
2312 0.511246 0.689446
2313 0.511457 0.689581
2314 0.511668 0.689715
2315 0.511879 0.689849
2316 0.511658 0.689983
2317 0.511869 0.690117
2318 0.512079 0.689819
2319 0.511859 0.689521
2320 0.511638 0.689224
2321 0.511848 0.689358
2322 0.511628 0.689492
2323 0.511838 0.689195
2324 0.511618 0.688898
2325 0.511828 0.689032
2326 0.511608 0.689166
2327 0.511388 0.689300
2328 0.511598 0.689433
2329 0.511378 0.689566
2330 0.511159 0.689700
2331 0.510940 0.689833
2332 0.511149 0.689537
2333 0.510930 0.689241
2334 0.511140 0.689374
2335 0.510921 0.689079
2336 0.511130 0.689212
2337 0.510911 0.689345
2338 0.510693 0.689478
2339 0.510475 0.689183
2340 0.510256 0.688889
2341 0.510466 0.689022
2342 0.510248 0.689155
2343 0.510457 0.689287
2344 0.510666 0.689420
2345 0.510874 0.689552
2346 0.510656 0.689685
2347 0.510439 0.689391
2348 0.510221 0.689523
2349 0.510004 0.689229
2350 0.509787 0.689362
2351 0.509996 0.689494
2352 0.509779 0.689201
2353 0.509562 0.689333
2354 0.509771 0.689465
2355 0.509979 0.689597
2356 0.509762 0.689304
2357 0.509970 0.689436
2358 0.509754 0.689567
2359 0.509962 0.689699
2360 0.510169 0.689831
2361 0.510377 0.689538
2362 0.510161 0.689670
2363 0.509945 0.689801
2364 0.510152 0.689932
2365 0.510359 0.689641
2366 0.510566 0.689772
2367 0.510351 0.689903
2368 0.510135 0.690034
2369 0.510342 0.690165
2370 0.510549 0.690295
2371 0.510333 0.690426
2372 0.510540 0.690135
2373 0.510746 0.690265
2374 0.510952 0.690396
2375 0.511158 0.690526
2376 0.510943 0.690236
2377 0.511149 0.690366
2378 0.511354 0.690496
2379 0.511559 0.690626
2380 0.511765 0.690756
2381 0.511970 0.690886
2382 0.512175 0.691016
2383 0.511960 0.690726
2384 0.511745 0.690856
2385 0.511530 0.690985
2386 0.511735 0.691115
2387 0.511521 0.690825
2388 0.511725 0.690536
2389 0.511511 0.690247
2390 0.511715 0.690377
2391 0.511501 0.690506
2392 0.511288 0.690635
2393 0.511492 0.690347
2394 0.511696 0.690058
2395 0.511482 0.689770
2396 0.511686 0.689900
2397 0.511890 0.689612
2398 0.511676 0.689741
2399 0.511463 0.689871
2400 0.511250 0.690000
2401 0.511454 0.690129
2402 0.511657 0.689842
2403 0.511860 0.689555
2404 0.511647 0.689684
2405 0.511850 0.689813
2406 0.512053 0.689942
2407 0.511840 0.690071
2408 0.511628 0.690199
2409 0.511416 0.690328
2410 0.511618 0.690456
2411 0.511821 0.690170
2412 0.512023 0.690299
2413 0.512225 0.690427
2414 0.512013 0.690141
2415 0.512215 0.690269
2416 0.512417 0.689983
2417 0.512205 0.690112
2418 0.511993 0.690240
2419 0.511782 0.690368
2420 0.511983 0.690496
2421 0.511772 0.690624
2422 0.511561 0.690339
2423 0.511350 0.690466
2424 0.511139 0.690182
2425 0.510928 0.689897
2426 0.511129 0.690025
2427 0.510919 0.690152
2428 0.510708 0.689868
2429 0.510498 0.689996
2430 0.510700 0.690123
2431 0.510490 0.690251
2432 0.510691 0.690378
2433 0.510481 0.690095
2434 0.510271 0.690222
2435 0.510062 0.689938
2436 0.509852 0.690066
2437 0.509643 0.690193
2438 0.509844 0.690320
2439 0.510045 0.690037
2440 0.510246 0.689754
2441 0.510037 0.689881
2442 0.509828 0.690008
2443 0.510029 0.690135
2444 0.509820 0.690262
2445 0.510020 0.690389
2446 0.510221 0.690515
2447 0.510012 0.690233
2448 0.509804 0.690359
2449 0.509596 0.690078
2450 0.509388 0.689796
2451 0.509588 0.689514
2452 0.509788 0.689233
2453 0.509988 0.688952
2454 0.510187 0.689079
2455 0.509980 0.688798
2456 0.509772 0.688518
2457 0.509565 0.688645
2458 0.509357 0.688365
2459 0.509557 0.688491
2460 0.509756 0.688618
2461 0.509955 0.688744
2462 0.510154 0.688871
2463 0.510353 0.688997
2464 0.510146 0.689123
2465 0.509939 0.688844
2466 0.509732 0.688970
2467 0.509526 0.689096
2468 0.509319 0.689222
2469 0.509113 0.688943
2470 0.508907 0.689069
2471 0.508701 0.688790
2472 0.508900 0.688916
2473 0.509098 0.689042
2474 0.508892 0.689167
2475 0.508687 0.688889
2476 0.508885 0.688611
2477 0.509084 0.688736
2478 0.509282 0.688862
2479 0.509076 0.688987
2480 0.509274 0.688710
2481 0.509472 0.688432
2482 0.509267 0.688155
2483 0.509464 0.688280
2484 0.509662 0.688406
2485 0.509859 0.688531
2486 0.510056 0.688656
2487 0.509851 0.688380
2488 0.509646 0.688103
2489 0.509442 0.688228
2490 0.509237 0.687952
2491 0.509033 0.688077
2492 0.508828 0.688202
2493 0.508624 0.688327
2494 0.508420 0.688452
2495 0.508216 0.688577
2496 0.508413 0.688702
2497 0.508610 0.688827
2498 0.508407 0.688951
2499 0.508603 0.689076
2500 0.508800 0.689200
2501 0.508996 0.688924
2502 0.508793 0.689049
2503 0.508989 0.689173
2504 0.508786 0.688898
2505 0.508583 0.689022
2506 0.508779 0.688747
2507 0.508975 0.688871
2508 0.509171 0.688995
2509 0.509366 0.688721
2510 0.509163 0.688845
2511 0.508961 0.688570
2512 0.509156 0.688694
2513 0.509351 0.688818
2514 0.509149 0.688544
2515 0.508946 0.688668
2516 0.509141 0.688792
2517 0.509337 0.688915
2518 0.509531 0.689039
2519 0.509726 0.689162
2520 0.509921 0.689286
2521 0.509718 0.689409
2522 0.509913 0.689532
2523 0.509711 0.689259
2524 0.509509 0.688986
2525 0.509307 0.689109
2526 0.509105 0.689232
2527 0.509300 0.689355
2528 0.509494 0.689478
2529 0.509688 0.689205
2530 0.509881 0.689328
2531 0.510075 0.689451
2532 0.510269 0.689573
2533 0.510067 0.689301
2534 0.509866 0.689029
2535 0.510059 0.689152
2536 0.509858 0.689274
2537 0.509657 0.689397
2538 0.509850 0.689519
2539 0.510043 0.689248
2540 0.509843 0.688976
2541 0.509642 0.689099
2542 0.509441 0.689221
2543 0.509241 0.689343
2544 0.509041 0.689465
2545 0.508841 0.689587
2546 0.509034 0.689709
2547 0.509227 0.689439
2548 0.509027 0.689168
2549 0.509219 0.689290
2550 0.509412 0.689020
2551 0.509604 0.689142
2552 0.509796 0.689263
2553 0.509988 0.689385
2554 0.510180 0.689507
2555 0.510372 0.689628
2556 0.510172 0.689358
2557 0.509973 0.689480
2558 0.509773 0.689601
2559 0.509574 0.689723
2560 0.509766 0.689844
2561 0.509957 0.689574
2562 0.510148 0.689305
2563 0.510339 0.689426
2564 0.510140 0.689158
2565 0.510331 0.689279
2566 0.510133 0.689400
2567 0.510323 0.689521
2568 0.510514 0.689642
2569 0.510705 0.689763
2570 0.510506 0.689883
2571 0.510307 0.690004
2572 0.510109 0.690124
2573 0.510299 0.690245
2574 0.510490 0.690365
2575 0.510680 0.690485
2576 0.510481 0.690606
2577 0.510283 0.690726
2578 0.510085 0.690846
2579 0.509888 0.690965
2580 0.510078 0.690698
2581 0.510267 0.690818
2582 0.510457 0.690937
2583 0.510259 0.690670
2584 0.510062 0.690402
2585 0.510251 0.690522
2586 0.510054 0.690255
2587 0.510244 0.689988
2588 0.510046 0.690108
2589 0.509849 0.690228
2590 0.510039 0.689961
2591 0.509842 0.690081
2592 0.510031 0.690201
2593 0.509834 0.690320
2594 0.509638 0.690439
2595 0.509827 0.690559
2596 0.510015 0.690293
2597 0.510204 0.690027
2598 0.510008 0.689761
2599 0.510196 0.689881
2600 0.510000 0.690000
2601 0.510188 0.690119
2602 0.510377 0.690238
2603 0.510565 0.689973
2604 0.510369 0.690092
2605 0.510173 0.689827
2606 0.510361 0.689563
2607 0.510549 0.689682
2608 0.510353 0.689801
2609 0.510540 0.689536
2610 0.510728 0.689272
2611 0.510915 0.689391
2612 0.510720 0.689127
2613 0.510524 0.689246
2614 0.510329 0.689365
2615 0.510134 0.689484
2616 0.509939 0.689602
2617 0.509744 0.689339
2618 0.509931 0.689076
2619 0.510118 0.689194
2620 0.509924 0.689313
2621 0.509729 0.689432
2622 0.509916 0.689550
2623 0.510103 0.689668
2624 0.510290 0.689787
2625 0.510095 0.689905
2626 0.509901 0.690023
2627 0.509707 0.690141
2628 0.509513 0.689878
2629 0.509700 0.689996
2630 0.509886 0.690114
2631 0.510072 0.690232
2632 0.509878 0.690350
2633 0.510065 0.690087
2634 0.509871 0.689825
2635 0.509677 0.689943
2636 0.509863 0.689681
2637 0.509670 0.689799
2638 0.509477 0.689538
2639 0.509284 0.689655
2640 0.509470 0.689773
2641 0.509655 0.689890
2642 0.509463 0.689629
2643 0.509648 0.689368
2644 0.509455 0.689107
2645 0.509641 0.689225
2646 0.509826 0.688964
2647 0.510011 0.689082
2648 0.510196 0.689199
2649 0.510004 0.688939
2650 0.510189 0.688679
2651 0.510373 0.688419
2652 0.510181 0.688160
2653 0.510366 0.688277
2654 0.510173 0.688395
2655 0.510358 0.688512
2656 0.510166 0.688630
2657 0.510350 0.688747
2658 0.510534 0.688864
2659 0.510718 0.688981
2660 0.510526 0.689098
2661 0.510710 0.689215
2662 0.510518 0.689331
2663 0.510327 0.689072
2664 0.510511 0.688814
2665 0.510319 0.688555
2666 0.510128 0.688672
2667 0.510311 0.688789
2668 0.510495 0.688906
2669 0.510678 0.689022
2670 0.510861 0.688764
2671 0.511045 0.688506
2672 0.511228 0.688623
2673 0.511410 0.688365
2674 0.511219 0.688482
2675 0.511402 0.688598
2676 0.511584 0.688341
2677 0.511393 0.688084
2678 0.511202 0.688200
2679 0.511385 0.688317
2680 0.511567 0.688060
2681 0.511749 0.688176
2682 0.511559 0.688292
2683 0.511368 0.688408
2684 0.511550 0.688152
2685 0.511732 0.687896
2686 0.511541 0.688012
2687 0.511351 0.688128
2688 0.511161 0.687872
2689 0.510971 0.687616
2690 0.511152 0.687732
2691 0.510962 0.687848
2692 0.510773 0.687964
2693 0.510954 0.688080
2694 0.511136 0.688196
2695 0.511317 0.688312
2696 0.511499 0.688056
2697 0.511309 0.687801
2698 0.511490 0.687917
2699 0.511671 0.687662
2700 0.511481 0.687407
2701 0.511662 0.687523
2702 0.511473 0.687269
2703 0.511654 0.687384
2704 0.511464 0.687500
2705 0.511645 0.687616
2706 0.511456 0.687731
2707 0.511636 0.687477
2708 0.511817 0.687592
2709 0.511628 0.687708
2710 0.511808 0.687823
2711 0.511988 0.687938
2712 0.512168 0.688053
2713 0.512348 0.687799
2714 0.512159 0.687546
2715 0.511971 0.687293
2716 0.511782 0.687040
2717 0.511962 0.687155
2718 0.512141 0.687270
2719 0.511953 0.687385
2720 0.512132 0.687132
2721 0.512312 0.686880
2722 0.512491 0.686995
2723 0.512670 0.686743
2724 0.512482 0.686858
2725 0.512294 0.686606
2726 0.512472 0.686354
2727 0.512285 0.686469
2728 0.512463 0.686584
2729 0.512642 0.686698
2730 0.512821 0.686813
2731 0.512999 0.686562
2732 0.513177 0.686676
2733 0.513355 0.686791
2734 0.513168 0.686906
2735 0.512980 0.687020
2736 0.513158 0.687135
2737 0.513336 0.687249
2738 0.513148 0.687363
2739 0.512961 0.687112
2740 0.513139 0.686861
2741 0.512951 0.686611
2742 0.513129 0.686360
2743 0.513307 0.686110
2744 0.513484 0.686224
2745 0.513661 0.686339
2746 0.513474 0.686453
2747 0.513651 0.686203
2748 0.513828 0.685953
2749 0.513641 0.686068
2750 0.513818 0.686182
2751 0.513995 0.686296
2752 0.514172 0.686410
2753 0.514348 0.686161
2754 0.514524 0.685911
2755 0.514701 0.686025
2756 0.514514 0.685776
2757 0.514690 0.685890
2758 0.514866 0.685642
2759 0.515042 0.685756
2760 0.514855 0.685870
2761 0.514669 0.685983
2762 0.514482 0.685735
2763 0.514658 0.685849
2764 0.514834 0.685962
2765 0.514647 0.686076
2766 0.514823 0.686189
2767 0.514637 0.686303
2768 0.514812 0.686416
2769 0.514626 0.686529
2770 0.514440 0.686643
2771 0.514255 0.686395
2772 0.514069 0.686147
2773 0.513884 0.686260
2774 0.513699 0.686373
2775 0.513514 0.686486
2776 0.513689 0.686599
2777 0.513864 0.686712
2778 0.514039 0.686825
2779 0.514214 0.686938
2780 0.514388 0.687050
2781 0.514563 0.686803
2782 0.514378 0.686556
2783 0.514193 0.686310
2784 0.514009 0.686422
2785 0.514183 0.686535
2786 0.514358 0.686648
2787 0.514532 0.686760
2788 0.514706 0.686872
2789 0.514521 0.686985
2790 0.514337 0.687097
2791 0.514511 0.686851
2792 0.514327 0.686963
2793 0.514142 0.686717
2794 0.513958 0.686829
2795 0.514132 0.686941
2796 0.513948 0.687053
2797 0.513765 0.686807
2798 0.513939 0.686919
2799 0.514112 0.687031
2800 0.514286 0.687143
2801 0.514459 0.686898
2802 0.514276 0.687009
2803 0.514449 0.686764
2804 0.514622 0.686876
2805 0.514439 0.686988
2806 0.514612 0.686743
2807 0.514428 0.686498
2808 0.514245 0.686610
2809 0.514062 0.686721
2810 0.514235 0.686477
2811 0.514052 0.686588
2812 0.514225 0.686700
2813 0.514397 0.686811
2814 0.514570 0.686567
2815 0.514742 0.686679
2816 0.514560 0.686790
2817 0.514732 0.686901
2818 0.514549 0.687012
2819 0.514722 0.686768
2820 0.514539 0.686525
2821 0.514711 0.686281
2822 0.514883 0.686393
2823 0.515055 0.686149
2824 0.515227 0.686261
2825 0.515398 0.686372
2826 0.515570 0.686129
2827 0.515387 0.685886
2828 0.515205 0.685997
2829 0.515376 0.686108
2830 0.515194 0.685866
2831 0.515366 0.685977
2832 0.515184 0.686088
2833 0.515002 0.686198
2834 0.515173 0.686309
2835 0.515344 0.686420
2836 0.515162 0.686530
2837 0.514981 0.686641
2838 0.515152 0.686751
2839 0.515322 0.686862
2840 0.515493 0.686972
2841 0.515312 0.687082
2842 0.515130 0.687192
2843 0.514949 0.687302
2844 0.515120 0.687060
2845 0.515290 0.687170
2846 0.515460 0.687280
2847 0.515630 0.687390
2848 0.515449 0.687500
2849 0.515620 0.687259
2850 0.515789 0.687368
2851 0.515959 0.687478
2852 0.516129 0.687588
2853 0.516299 0.687347
2854 0.516468 0.687456
2855 0.516637 0.687566
2856 0.516457 0.687675
2857 0.516626 0.687784
2858 0.516445 0.687544
2859 0.516614 0.687303
2860 0.516434 0.687413
2861 0.516603 0.687522
2862 0.516422 0.687282
2863 0.516242 0.687042
2864 0.516411 0.687151
2865 0.516230 0.686911
2866 0.516050 0.687020
2867 0.515870 0.686781
2868 0.516039 0.686890
2869 0.516208 0.686999
2870 0.516376 0.687108
2871 0.516545 0.686869
2872 0.516365 0.686630
2873 0.516533 0.686739
2874 0.516701 0.686848
2875 0.516522 0.686957
2876 0.516690 0.687065
2877 0.516858 0.687174
2878 0.516678 0.686935
2879 0.516846 0.686697
2880 0.516667 0.686806
2881 0.516487 0.686914
2882 0.516308 0.687023
2883 0.516129 0.687131
2884 0.515950 0.687240
2885 0.516118 0.687002
2886 0.515939 0.686764
2887 0.516107 0.686526
2888 0.515928 0.686634
2889 0.516096 0.686743
2890 0.516263 0.686851
2891 0.516084 0.686960
2892 0.516252 0.686722
2893 0.516073 0.686485
2894 0.516240 0.686593
2895 0.516408 0.686701
2896 0.516575 0.686809
2897 0.516741 0.686572
2898 0.516563 0.686680
2899 0.516385 0.686789
2900 0.516207 0.686897
2901 0.516029 0.686660
2902 0.515851 0.686423
2903 0.515673 0.686531
2904 0.515496 0.686295
2905 0.515663 0.686059
2906 0.515829 0.686167
2907 0.515652 0.685931
2908 0.515818 0.686039
2909 0.515641 0.686146
2910 0.515808 0.685911
2911 0.515974 0.686019
2912 0.516140 0.685783
2913 0.516306 0.685891
2914 0.516472 0.685655
2915 0.516638 0.685420
2916 0.516804 0.685528
2917 0.516969 0.685636
2918 0.517135 0.685401
2919 0.516958 0.685166
2920 0.517123 0.685274
2921 0.516946 0.685382
2922 0.516769 0.685147
2923 0.516935 0.685255
2924 0.517100 0.685363
2925 0.516923 0.685470
2926 0.516746 0.685578
2927 0.516570 0.685685
2928 0.516393 0.685451
2929 0.516559 0.685217
2930 0.516724 0.685324
2931 0.516547 0.685432
2932 0.516371 0.685539
2933 0.516536 0.685646
2934 0.516701 0.685412
2935 0.516525 0.685179
2936 0.516689 0.685286
2937 0.516513 0.685053
2938 0.516338 0.685160
2939 0.516502 0.685267
2940 0.516327 0.685374
2941 0.516491 0.685481
2942 0.516315 0.685248
2943 0.516480 0.685355
2944 0.516304 0.685462
2945 0.516129 0.685569
2946 0.516293 0.685675
2947 0.516118 0.685782
2948 0.516282 0.685889
2949 0.516446 0.685995
2950 0.516271 0.686102
2951 0.516435 0.685869
2952 0.516599 0.685637
2953 0.516424 0.685743
2954 0.516249 0.685850
2955 0.516413 0.685956
2956 0.516238 0.686062
2957 0.516064 0.686168
2958 0.516227 0.686275
2959 0.516391 0.686381
2960 0.516554 0.686486
2961 0.516717 0.686255
2962 0.516880 0.686023
2963 0.516706 0.686129
2964 0.516532 0.686235
2965 0.516695 0.686003
2966 0.516858 0.686109
2967 0.516684 0.686215
2968 0.516846 0.686321
2969 0.516672 0.686426
2970 0.516498 0.686532
2971 0.516324 0.686301
2972 0.516487 0.686070
2973 0.516313 0.685839
2974 0.516476 0.685609
2975 0.516303 0.685714
2976 0.516465 0.685820
2977 0.516627 0.685925
2978 0.516790 0.686031
2979 0.516952 0.686136
2980 0.517114 0.686242
2981 0.516941 0.686347
2982 0.517103 0.686117
2983 0.516929 0.686222
2984 0.517091 0.686327
2985 0.517253 0.686432
2986 0.517080 0.686537
2987 0.517241 0.686642
2988 0.517403 0.686412
2989 0.517230 0.686183
2990 0.517391 0.686288
2991 0.517553 0.686058
2992 0.517380 0.686163
2993 0.517207 0.686268
2994 0.517368 0.686039
2995 0.517195 0.686144
2996 0.517023 0.685915
2997 0.516850 0.686019
2998 0.516678 0.686124
2999 0.516506 0.686229
3000 0.516333 0.686000
3001 0.516161 0.685771
3002 0.515989 0.685876
3003 0.516151 0.685648
3004 0.515979 0.685752
3005 0.516140 0.685524
3006 0.516301 0.685629
3007 0.516462 0.685401
3008 0.516290 0.685173
3009 0.516451 0.685278
3010 0.516611 0.685382
3011 0.516772 0.685487
3012 0.516600 0.685591
3013 0.516761 0.685695
3014 0.516921 0.685800
3015 0.517081 0.685904
3016 0.517241 0.686008
3017 0.517070 0.686112
3018 0.516899 0.685885
3019 0.517059 0.685989
3020 0.517219 0.686093
3021 0.517047 0.686197
3022 0.517207 0.685970
3023 0.517367 0.686073
3024 0.517526 0.686177
3025 0.517686 0.685950
3026 0.517845 0.685724
3027 0.518005 0.685497
3028 0.517834 0.685601
3029 0.517663 0.685705
3030 0.517492 0.685479
3031 0.517651 0.685582
3032 0.517480 0.685686
3033 0.517310 0.685790
3034 0.517469 0.685893
3035 0.517298 0.685997
3036 0.517128 0.685771
3037 0.517287 0.685545
3038 0.517446 0.685319
3039 0.517275 0.685423
3040 0.517434 0.685526
3041 0.517264 0.685301
3042 0.517094 0.685404
3043 0.516924 0.685508
3044 0.516754 0.685611
3045 0.516585 0.685714
3046 0.516743 0.685817
3047 0.516902 0.685592
3048 0.516732 0.685696
3049 0.516563 0.685471
3050 0.516721 0.685574
3051 0.516880 0.685677
3052 0.516710 0.685780
3053 0.516869 0.685883
3054 0.517027 0.685658
3055 0.517185 0.685761
3056 0.517343 0.685864
3057 0.517174 0.685967
3058 0.517005 0.685742
3059 0.516836 0.685518
3060 0.516993 0.685621
3061 0.517151 0.685724
3062 0.516982 0.685500
3063 0.517140 0.685276
3064 0.517298 0.685379
3065 0.517455 0.685481
3066 0.517613 0.685584
3067 0.517444 0.685360
3068 0.517275 0.685463
3069 0.517107 0.685565
3070 0.517264 0.685668
3071 0.517421 0.685444
3072 0.517578 0.685547
3073 0.517410 0.685649
3074 0.517241 0.685751
3075 0.517073 0.685854
3076 0.517230 0.685956
3077 0.517387 0.685733
3078 0.517544 0.685835
3079 0.517701 0.685937
3080 0.517857 0.685714
3081 0.518014 0.685816
3082 0.517846 0.685918
3083 0.517678 0.685696
3084 0.517510 0.685473
3085 0.517342 0.685575
3086 0.517498 0.685677
3087 0.517655 0.685455
3088 0.517811 0.685557
3089 0.517967 0.685335
3090 0.518123 0.685113
3091 0.518279 0.684892
3092 0.518111 0.684670
3093 0.518267 0.684772
3094 0.518423 0.684874
3095 0.518255 0.684976
3096 0.518088 0.685078
3097 0.517921 0.684856
3098 0.517753 0.684958
3099 0.517909 0.685060
3100 0.517742 0.684839
3101 0.517897 0.684940
3102 0.518053 0.684720
3103 0.518208 0.684499
3104 0.518363 0.684278
3105 0.518519 0.684058
3106 0.518674 0.683838
3107 0.518828 0.683939
3108 0.518662 0.683719
3109 0.518816 0.683821
3110 0.518650 0.683601
3111 0.518804 0.683703
3112 0.518638 0.683805
3113 0.518792 0.683906
3114 0.518947 0.684008
3115 0.519101 0.683788
3116 0.518935 0.683890
3117 0.519089 0.683991
3118 0.519243 0.683772
3119 0.519077 0.683873
3120 0.519231 0.683974
3121 0.519064 0.684076
3122 0.518898 0.684177
3123 0.519052 0.684278
3124 0.519206 0.684379
3125 0.519040 0.684480
3126 0.519194 0.684261
3127 0.519028 0.684362
3128 0.519182 0.684463
3129 0.519335 0.684564
3130 0.519489 0.684345
3131 0.519642 0.684446
3132 0.519476 0.684547
3133 0.519630 0.684328
3134 0.519464 0.684429
3135 0.519298 0.684211
3136 0.519133 0.683992
3137 0.519286 0.683774
3138 0.519120 0.683875
3139 0.519274 0.683657
3140 0.519427 0.683439
3141 0.519580 0.683222
3142 0.519414 0.683323
3143 0.519567 0.683423
3144 0.519720 0.683524
3145 0.519873 0.683625
3146 0.519708 0.683408
3147 0.519542 0.683190
3148 0.519695 0.682973
3149 0.519530 0.683074
3150 0.519365 0.683175
3151 0.519518 0.682958
3152 0.519670 0.682741
3153 0.519505 0.682842
3154 0.519658 0.682942
3155 0.519810 0.683043
3156 0.519962 0.683143
3157 0.520114 0.682927
3158 0.519949 0.683027
3159 0.520101 0.683128
3160 0.520253 0.682911
3161 0.520089 0.683012
3162 0.520240 0.683112
3163 0.520076 0.682896
3164 0.519912 0.682996
3165 0.520063 0.683096
3166 0.520215 0.682881
3167 0.520051 0.682981
3168 0.519886 0.683081
3169 0.519722 0.683181
3170 0.519558 0.683281
3171 0.519395 0.683381
3172 0.519546 0.683480
3173 0.519697 0.683580
3174 0.519849 0.683680
3175 0.519685 0.683780
3176 0.519836 0.683879
3177 0.519673 0.683979
3178 0.519824 0.684078
3179 0.519660 0.683863
3180 0.519811 0.683962
3181 0.519648 0.684062
3182 0.519799 0.684161
3183 0.519636 0.684260
3184 0.519472 0.684359
3185 0.519309 0.684458
3186 0.519460 0.684557
3187 0.519611 0.684656
3188 0.519448 0.684755
3189 0.519285 0.684854
3190 0.519436 0.684639
3191 0.519586 0.684738
3192 0.519424 0.684837
3193 0.519574 0.684936
3194 0.519411 0.685034
3195 0.519249 0.684820
3196 0.519399 0.684919
3197 0.519237 0.685017
3198 0.519074 0.684803
3199 0.519225 0.684589
3200 0.519375 0.684688
3201 0.519525 0.684786
3202 0.519675 0.684572
3203 0.519825 0.684671
3204 0.519975 0.684769
3205 0.520125 0.684867
3206 0.520274 0.684966
3207 0.520424 0.684752
3208 0.520574 0.684850
3209 0.520411 0.684949
3210 0.520561 0.684735
3211 0.520710 0.684833
3212 0.520548 0.684932
3213 0.520386 0.685030
3214 0.520535 0.684816
3215 0.520373 0.684603
3216 0.520522 0.684391
3217 0.520361 0.684489
3218 0.520199 0.684587
3219 0.520348 0.684685
3220 0.520186 0.684783
3221 0.520025 0.684570
3222 0.519863 0.684668
3223 0.520012 0.684455
3224 0.519851 0.684243
3225 0.520000 0.684341
3226 0.519839 0.684129
3227 0.519988 0.683917
3228 0.519827 0.684015
3229 0.519975 0.684113
3230 0.520124 0.684211
3231 0.520272 0.683999
3232 0.520111 0.684097
3233 0.520260 0.684194
3234 0.520408 0.684292
3235 0.520556 0.684389
3236 0.520705 0.684487
3237 0.520544 0.684584
3238 0.520383 0.684682
3239 0.520222 0.684471
3240 0.520370 0.684568
3241 0.520518 0.684357
3242 0.520666 0.684454
3243 0.520814 0.684243
3244 0.520962 0.684340
3245 0.520801 0.684129
3246 0.520641 0.684227
3247 0.520788 0.684324
3248 0.520628 0.684113
3249 0.520776 0.684211
3250 0.520615 0.684308
3251 0.520763 0.684097
3252 0.520910 0.684194
3253 0.521057 0.683984
3254 0.520897 0.683774
3255 0.521045 0.683871
3256 0.520885 0.683968
3257 0.521032 0.684065
3258 0.520872 0.684162
3259 0.520712 0.684259
3260 0.520859 0.684356
3261 0.521006 0.684453
3262 0.521153 0.684243
3263 0.520993 0.684340
3264 0.521140 0.684130
3265 0.520980 0.684227
3266 0.520821 0.684323
3267 0.520661 0.684420
3268 0.520808 0.684211
3269 0.520954 0.684307
3270 0.520795 0.684098
3271 0.520942 0.683889
3272 0.521088 0.683985
3273 0.520929 0.684082
3274 0.521075 0.684178
3275 0.521221 0.684275
3276 0.521368 0.684371
3277 0.521208 0.684162
3278 0.521049 0.684259
3279 0.521195 0.684355
3280 0.521341 0.684451
3281 0.521487 0.684243
3282 0.521633 0.684339
3283 0.521474 0.684130
3284 0.521620 0.684227
3285 0.521766 0.684018
3286 0.521607 0.684114
3287 0.521448 0.683906
3288 0.521594 0.684002
3289 0.521739 0.684099
3290 0.521884 0.683891
3291 0.522030 0.683987
3292 0.522175 0.683779
3293 0.522016 0.683571
3294 0.522162 0.683667
3295 0.522307 0.683763
3296 0.522451 0.683556
3297 0.522293 0.683348
3298 0.522135 0.683141
3299 0.521976 0.683237
3300 0.521818 0.683333
3301 0.521660 0.683126
3302 0.521502 0.683222
3303 0.521647 0.683318
3304 0.521489 0.683111
3305 0.521331 0.683207
3306 0.521174 0.683303
3307 0.521016 0.683096
3308 0.520859 0.682890
3309 0.521003 0.682986
3310 0.520846 0.683082
3311 0.520689 0.683177
3312 0.520833 0.683273
3313 0.520676 0.683067
3314 0.520821 0.682861
3315 0.520965 0.682655
3316 0.520808 0.682750
3317 0.520651 0.682544
3318 0.520494 0.682640
3319 0.520337 0.682736
3320 0.520181 0.682831
3321 0.520024 0.682927
3322 0.520169 0.683022
3323 0.520313 0.683118
3324 0.520457 0.683213
3325 0.520301 0.683008
3326 0.520445 0.682802
3327 0.520289 0.682898
3328 0.520433 0.682993
3329 0.520276 0.683088
3330 0.520420 0.683183
3331 0.520264 0.683278
3332 0.520408 0.683073
3333 0.520552 0.682868
3334 0.520396 0.682963
3335 0.520540 0.683058
3336 0.520683 0.683153
3337 0.520527 0.683248
3338 0.520671 0.683343
3339 0.520515 0.683438
3340 0.520359 0.683234
3341 0.520204 0.683328
3342 0.520048 0.683423
3343 0.519892 0.683518
3344 0.520036 0.683313
3345 0.520179 0.683408
3346 0.520024 0.683204
3347 0.519869 0.683298
3348 0.520012 0.683393
3349 0.519857 0.683488
3350 0.519701 0.683582
3351 0.519845 0.683677
3352 0.519988 0.683473
3353 0.520131 0.683567
3354 0.519976 0.683363
3355 0.520119 0.683458
3356 0.520262 0.683552
3357 0.520107 0.683646
3358 0.520250 0.683443
3359 0.520095 0.683537
3360 0.520238 0.683333
3361 0.520083 0.683130
3362 0.519929 0.682927
3363 0.520071 0.682724
3364 0.519917 0.682521
3365 0.520059 0.682615
3366 0.519905 0.682709
3367 0.520048 0.682804
3368 0.519893 0.682898
3369 0.520036 0.682695
3370 0.519881 0.682493
3371 0.520024 0.682587
3372 0.519870 0.682681
3373 0.520012 0.682775
3374 0.520154 0.682869
3375 0.520296 0.682963
3376 0.520438 0.683057
3377 0.520580 0.683151
3378 0.520722 0.682948
3379 0.520568 0.682746
3380 0.520414 0.682544
3381 0.520556 0.682343
3382 0.520698 0.682141
3383 0.520839 0.682235
3384 0.520686 0.682329
3385 0.520532 0.682422
3386 0.520673 0.682516
3387 0.520815 0.682610
3388 0.520956 0.682704
3389 0.520803 0.682502
3390 0.520649 0.682596
3391 0.520495 0.682689
3392 0.520637 0.682488
3393 0.520778 0.682582
3394 0.520919 0.682675
3395 0.521060 0.682769
3396 0.521201 0.682862
3397 0.521048 0.682956
3398 0.521189 0.683049
3399 0.521330 0.682848
3400 0.521471 0.682941
3401 0.521317 0.683034
3402 0.521458 0.683128
3403 0.521305 0.683221
3404 0.521445 0.683314
3405 0.521586 0.683407
3406 0.521726 0.683500
3407 0.521573 0.683593
3408 0.521420 0.683685
3409 0.521561 0.683485
3410 0.521408 0.683578
3411 0.521548 0.683377
3412 0.521688 0.683177
3413 0.521535 0.683270
3414 0.521383 0.683070
3415 0.521230 0.683163
3416 0.521370 0.682963
3417 0.521510 0.683055
3418 0.521650 0.683148
3419 0.521790 0.682948
3420 0.521637 0.683041
3421 0.521777 0.682841
3422 0.521917 0.682934
3423 0.521765 0.683027
3424 0.521904 0.683119
3425 0.521752 0.682920
3426 0.521600 0.683012
3427 0.521447 0.683105
3428 0.521587 0.682905
3429 0.521726 0.682706
3430 0.521574 0.682799
3431 0.521422 0.682891
3432 0.521562 0.682692
3433 0.521410 0.682785
3434 0.521258 0.682877
3435 0.521106 0.682969
3436 0.521246 0.683062
3437 0.521094 0.683154
3438 0.520942 0.683246
3439 0.521082 0.683338
3440 0.520930 0.683140
3441 0.520779 0.683232
3442 0.520628 0.683033
3443 0.520767 0.682835
3444 0.520906 0.682927
3445 0.521045 0.683019
3446 0.521184 0.683111
3447 0.521033 0.682913
3448 0.521172 0.683005
3449 0.521021 0.683097
3450 0.520870 0.683188
3451 0.521008 0.682990
3452 0.520857 0.683082
3453 0.520707 0.683174
3454 0.520556 0.683266
3455 0.520405 0.683357
3456 0.520255 0.683449
3457 0.520393 0.683251
3458 0.520243 0.683054
3459 0.520382 0.682856
3460 0.520231 0.682948
3461 0.520370 0.683040
3462 0.520508 0.683131
3463 0.520647 0.683223
3464 0.520785 0.683314
3465 0.520924 0.683405
3466 0.520773 0.683497
3467 0.520911 0.683300
3468 0.520761 0.683391
3469 0.520611 0.683194
3470 0.520461 0.683285
3471 0.520311 0.683088
3472 0.520449 0.682892
3473 0.520587 0.682983
3474 0.520438 0.683074
3475 0.520576 0.683165
3476 0.520713 0.682969
3477 0.520564 0.683060
3478 0.520414 0.682864
3479 0.520264 0.682955
3480 0.520402 0.683046
3481 0.520253 0.683137
3482 0.520103 0.682941
3483 0.519954 0.683032
3484 0.520092 0.683123
3485 0.520230 0.683214
3486 0.520367 0.683305
3487 0.520505 0.683395
3488 0.520642 0.683486
3489 0.520493 0.683577
3490 0.520344 0.683668
3491 0.520195 0.683758
3492 0.520046 0.683849
3493 0.519897 0.683939
3494 0.520034 0.684030
3495 0.519886 0.684120
3496 0.520023 0.683924
3497 0.520160 0.683729
3498 0.520011 0.683533
3499 0.520149 0.683624
3500 0.520286 0.683714
3501 0.520137 0.683805
3502 0.520274 0.683895
3503 0.520126 0.683985
3504 0.519977 0.684075
3505 0.520114 0.684165
3506 0.519966 0.684256
3507 0.519818 0.684346
3508 0.519954 0.684151
3509 0.519806 0.684241
3510 0.519658 0.684330
3511 0.519510 0.684136
3512 0.519647 0.684226
3513 0.519499 0.684315
3514 0.519351 0.684405
3515 0.519488 0.684211
3516 0.519625 0.684016
3517 0.519477 0.684106
3518 0.519613 0.684196
3519 0.519466 0.684001
3520 0.519318 0.683807
3521 0.519171 0.683613
3522 0.519023 0.683419
3523 0.518876 0.683225
3524 0.519012 0.683314
3525 0.518865 0.683121
3526 0.518718 0.683210
3527 0.518855 0.683300
3528 0.518991 0.683390
3529 0.519127 0.683480
3530 0.518980 0.683569
3531 0.518833 0.683376
3532 0.518969 0.683465
3533 0.519106 0.683555
3534 0.519242 0.683645
3535 0.519095 0.683734
3536 0.518948 0.683824
3537 0.518801 0.683913
3538 0.518655 0.684002
3539 0.518791 0.683809
3540 0.518644 0.683616
3541 0.518498 0.683705
3542 0.518634 0.683512
3543 0.518769 0.683601
3544 0.518623 0.683691
3545 0.518477 0.683498
3546 0.518613 0.683587
3547 0.518466 0.683676
3548 0.518320 0.683766
3549 0.518456 0.683573
3550 0.518592 0.683662
3551 0.518727 0.683751
3552 0.518581 0.683559
3553 0.518435 0.683648
3554 0.518289 0.683737
3555 0.518143 0.683826
3556 0.518279 0.683915
3557 0.518133 0.684003
3558 0.517988 0.684092
3559 0.518123 0.684181
3560 0.517978 0.684270
3561 0.517832 0.684358
3562 0.517967 0.684447
3563 0.517822 0.684255
3564 0.517677 0.684063
3565 0.517532 0.684151
3566 0.517667 0.684240
3567 0.517522 0.684048
3568 0.517657 0.684137
3569 0.517792 0.684225
3570 0.517927 0.684314
3571 0.517782 0.684122
3572 0.517637 0.684211
3573 0.517492 0.684299
3574 0.517348 0.684387
3575 0.517483 0.684476
3576 0.517338 0.684564
3577 0.517473 0.684652
3578 0.517608 0.684740
3579 0.517463 0.684549
3580 0.517318 0.684358
3581 0.517453 0.684446
3582 0.517588 0.684534
3583 0.517443 0.684622
3584 0.517299 0.684710
3585 0.517155 0.684798
3586 0.517289 0.684886
3587 0.517145 0.684974
3588 0.517001 0.685061
3589 0.517136 0.685149
3590 0.517270 0.684958
3591 0.517405 0.684767
3592 0.517261 0.684577
3593 0.517117 0.684386
3594 0.516973 0.684474
3595 0.517107 0.684284
3596 0.516963 0.684372
3597 0.516820 0.684459
3598 0.516954 0.684269
3599 0.516810 0.684357
3600 0.516944 0.684167
3601 0.516801 0.683977
3602 0.516935 0.684064
3603 0.517069 0.684152
3604 0.517203 0.683962
3605 0.517337 0.684050
3606 0.517194 0.684138
3607 0.517050 0.684225
3608 0.517184 0.684313
3609 0.517041 0.684400
3610 0.516898 0.684211
3611 0.516754 0.684298
3612 0.516611 0.684109
3613 0.516745 0.684196
3614 0.516879 0.684283
3615 0.517012 0.684371
3616 0.516869 0.684458
3617 0.516727 0.684545
3618 0.516584 0.684356
3619 0.516441 0.684443
3620 0.516575 0.684530
3621 0.516432 0.684341
3622 0.516565 0.684152
3623 0.516699 0.683964
3624 0.516556 0.684051
3625 0.516690 0.683862
3626 0.516823 0.683949
3627 0.516956 0.683761
3628 0.516814 0.683848
3629 0.516671 0.683935
3630 0.516529 0.683747
3631 0.516662 0.683834
3632 0.516795 0.683921
3633 0.516928 0.684008
3634 0.517061 0.684095
3635 0.516919 0.684182
3636 0.516777 0.684268
3637 0.516635 0.684355
3638 0.516493 0.684442
3639 0.516351 0.684529
3640 0.516484 0.684615
3641 0.516616 0.684702
3642 0.516749 0.684514
3643 0.516607 0.684601
3644 0.516465 0.684687
3645 0.516324 0.684774
3646 0.516182 0.684860
3647 0.516315 0.684947
3648 0.516173 0.685033
3649 0.516306 0.685119
3650 0.516438 0.685205
3651 0.516571 0.685018
3652 0.516703 0.684830
3653 0.516562 0.684643
3654 0.516420 0.684729
3655 0.516553 0.684542
3656 0.516685 0.684628
3657 0.516544 0.684441
3658 0.516402 0.684527
3659 0.516535 0.684613
3660 0.516667 0.684699
3661 0.516799 0.684512
3662 0.516931 0.684326
3663 0.516790 0.684412
3664 0.516648 0.684225
3665 0.516780 0.684038
3666 0.516639 0.684124
3667 0.516499 0.684211
3668 0.516358 0.684297
3669 0.516490 0.684383
3670 0.516621 0.684469
3671 0.516753 0.684282
3672 0.516612 0.684096
3673 0.516472 0.683910
3674 0.516331 0.683996
3675 0.516190 0.683810
3676 0.516322 0.683896
3677 0.516182 0.683710
3678 0.516313 0.683796
3679 0.516445 0.683881
3680 0.516576 0.683967
3681 0.516707 0.684053
3682 0.516839 0.684139
3683 0.516698 0.684225
3684 0.516558 0.684039
3685 0.516418 0.683853
3686 0.516549 0.683939
3687 0.516409 0.684025
3688 0.516269 0.684111
3689 0.516129 0.684196
3690 0.516260 0.684011
3691 0.516120 0.684096
3692 0.516251 0.683911
3693 0.516382 0.683997
3694 0.516243 0.684082
3695 0.516373 0.684168
3696 0.516504 0.684253
3697 0.516635 0.684339
3698 0.516766 0.684424
3699 0.516626 0.684239
3700 0.516757 0.684054
3701 0.516617 0.683869
3702 0.516478 0.683684
3703 0.516608 0.683770
3704 0.516469 0.683855
3705 0.516329 0.683671
3706 0.516190 0.683756
3707 0.516320 0.683841
3708 0.516451 0.683657
3709 0.516581 0.683473
3710 0.516442 0.683558
3711 0.516303 0.683643
3712 0.516433 0.683728
3713 0.516294 0.683814
3714 0.516155 0.683899
3715 0.516285 0.683984
3716 0.516146 0.683800
3717 0.516277 0.683885
3718 0.516138 0.683970
3719 0.516268 0.683786
3720 0.516129 0.683871
3721 0.516259 0.683687
3722 0.516389 0.683772
3723 0.516250 0.683589
3724 0.516112 0.683405
3725 0.516242 0.683490
3726 0.516371 0.683575
3727 0.516501 0.683660
3728 0.516631 0.683745
3729 0.516761 0.683829
3730 0.516890 0.683646
3731 0.516752 0.683731
3732 0.516881 0.683816
3733 0.517010 0.683900
3734 0.516872 0.683985
3735 0.517001 0.684070
3736 0.516863 0.684154
3737 0.516992 0.683971
3738 0.516854 0.684056
3739 0.516983 0.683873
3740 0.516845 0.683957
3741 0.516707 0.684042
3742 0.516569 0.684126
3743 0.516431 0.684211
3744 0.516293 0.684028
3745 0.516155 0.683845
3746 0.516017 0.683930
3747 0.515879 0.684014
3748 0.515742 0.684098
3749 0.515871 0.684182
3750 0.516000 0.684267
3751 0.515862 0.684084
3752 0.515725 0.684168
3753 0.515588 0.684253
3754 0.515717 0.684337
3755 0.515579 0.684154
3756 0.515708 0.683972
3757 0.515837 0.684056
3758 0.515700 0.683874
3759 0.515563 0.683958
3760 0.515691 0.683777
3761 0.515554 0.683595
3762 0.515683 0.683679
3763 0.515812 0.683763
3764 0.515675 0.683847
3765 0.515803 0.683665
3766 0.515932 0.683749
3767 0.516061 0.683833
3768 0.515924 0.683917
3769 0.516052 0.683736
3770 0.515915 0.683820
3771 0.515778 0.683903
3772 0.515642 0.683722
3773 0.515770 0.683541
3774 0.515898 0.683360
3775 0.516026 0.683444
3776 0.515890 0.683528
3777 0.516018 0.683611
3778 0.515881 0.683430
3779 0.515745 0.683514
3780 0.515608 0.683598
3781 0.515472 0.683417
3782 0.515600 0.683501
3783 0.515728 0.683584
3784 0.515856 0.683668
3785 0.515984 0.683752
3786 0.516112 0.683835
3787 0.515976 0.683655
3788 0.516103 0.683738
3789 0.516231 0.683822
3790 0.516095 0.683905
3791 0.515959 0.683725
3792 0.515823 0.683808
3793 0.515687 0.683891
3794 0.515551 0.683975
3795 0.515679 0.683794
3796 0.515543 0.683614
3797 0.515670 0.683698
3798 0.515798 0.683518
3799 0.515662 0.683601
3800 0.515789 0.683421
3801 0.515654 0.683241
3802 0.515518 0.683062
3803 0.515383 0.682882
3804 0.515510 0.682965
3805 0.515637 0.683049
3806 0.515765 0.682869
3807 0.515629 0.682952
3808 0.515756 0.683036
3809 0.515883 0.683119
3810 0.516010 0.683202
3811 0.515875 0.683285
3812 0.516002 0.683368
3813 0.516129 0.683451
3814 0.516256 0.683272
3815 0.516383 0.683355
3816 0.516509 0.683438
3817 0.516374 0.683259
3818 0.516239 0.683080
3819 0.516104 0.683163
3820 0.515969 0.683246
3821 0.515834 0.683329
3822 0.515699 0.683412
3823 0.515564 0.683233
3824 0.515429 0.683054
3825 0.515556 0.682876
3826 0.515421 0.682959
3827 0.515286 0.682780
3828 0.515413 0.682863
3829 0.515539 0.682946
3830 0.515666 0.683029
3831 0.515531 0.683111
3832 0.515658 0.683194
3833 0.515523 0.683277
3834 0.515649 0.683359
3835 0.515776 0.683442
3836 0.515902 0.683525
3837 0.516028 0.683607
3838 0.516154 0.683689
3839 0.516280 0.683772
3840 0.516406 0.683594
3841 0.516532 0.683676
3842 0.516658 0.683758
3843 0.516524 0.683841
3844 0.516389 0.683923
3845 0.516515 0.684005
3846 0.516641 0.684087
3847 0.516766 0.683910
3848 0.516632 0.683992
3849 0.516498 0.684074
3850 0.516364 0.683896
3851 0.516489 0.683719
3852 0.516355 0.683801
3853 0.516481 0.683623
3854 0.516347 0.683705
3855 0.516472 0.683528
3856 0.516338 0.683610
3857 0.516464 0.683692
3858 0.516589 0.683774
3859 0.516455 0.683856
3860 0.516321 0.683938
3861 0.516188 0.684020
3862 0.516054 0.683843
3863 0.516179 0.683666
3864 0.516046 0.683747
3865 0.516171 0.683829
3866 0.516037 0.683652
3867 0.516162 0.683734
3868 0.516287 0.683816
3869 0.516413 0.683639
3870 0.516279 0.683721
3871 0.516404 0.683803
3872 0.516529 0.683884
3873 0.516396 0.683966
3874 0.516262 0.684047
3875 0.516129 0.684129
3876 0.516254 0.684211
3877 0.516121 0.684292
3878 0.515988 0.684373
3879 0.516112 0.684455
3880 0.516237 0.684536
3881 0.516104 0.684617
3882 0.516229 0.684441
3883 0.516096 0.684265
3884 0.515963 0.684346
3885 0.515830 0.684427
3886 0.515955 0.684508
3887 0.515822 0.684332
3888 0.515689 0.684156
3889 0.515557 0.684238
3890 0.515424 0.684319
3891 0.515549 0.684400
3892 0.515673 0.684481
3893 0.515541 0.684305
3894 0.515408 0.684386
3895 0.515533 0.684467
3896 0.515657 0.684292
3897 0.515525 0.684373
3898 0.515649 0.684454
3899 0.515773 0.684278
3900 0.515897 0.684359
3901 0.516022 0.684440
3902 0.515889 0.684264
3903 0.516013 0.684089
3904 0.516137 0.683914
3905 0.516005 0.683995
3906 0.515873 0.684076
3907 0.515997 0.684157
3908 0.515865 0.683982
3909 0.515733 0.683807
3910 0.515601 0.683632
3911 0.515725 0.683713
3912 0.515849 0.683793
3913 0.515717 0.683874
3914 0.515841 0.683955
3915 0.515964 0.684036
3916 0.516088 0.683861
3917 0.516211 0.683686
3918 0.516080 0.683512
3919 0.516203 0.683593
3920 0.516071 0.683673
3921 0.515940 0.683754
3922 0.516063 0.683580
3923 0.516187 0.683406
3924 0.516055 0.683486
3925 0.516178 0.683567
3926 0.516302 0.683393
3927 0.516170 0.683473
3928 0.516293 0.683554
3929 0.516416 0.683635
3930 0.516285 0.683715
3931 0.516408 0.683541
3932 0.516277 0.683622
3933 0.516400 0.683448
3934 0.516523 0.683528
3935 0.516645 0.683355
3936 0.516514 0.683435
3937 0.516637 0.683261
3938 0.516760 0.683088
3939 0.516882 0.683168
3940 0.516751 0.683249
3941 0.516620 0.683075
3942 0.516743 0.683156
3943 0.516612 0.683236
3944 0.516481 0.683316
3945 0.516350 0.683397
3946 0.516219 0.683477
3947 0.516088 0.683304
3948 0.516211 0.683384
3949 0.516333 0.683464
3950 0.516456 0.683544
3951 0.516325 0.683624
3952 0.516447 0.683704
3953 0.516317 0.683784
3954 0.516439 0.683864
3955 0.516561 0.683944
3956 0.516431 0.683771
3957 0.516553 0.683851
3958 0.516422 0.683931
3959 0.516292 0.683759
3960 0.516414 0.683838
3961 0.516536 0.683918
3962 0.516406 0.683746
3963 0.516276 0.683825
3964 0.516145 0.683905
3965 0.516015 0.683985
3966 0.515885 0.683812
3967 0.516007 0.683640
3968 0.516129 0.683468
3969 0.515999 0.683296
3970 0.516121 0.683375
3971 0.516243 0.683455
3972 0.516365 0.683535
3973 0.516486 0.683614
3974 0.516608 0.683694
3975 0.516730 0.683522
3976 0.516600 0.683602
3977 0.516721 0.683430
3978 0.516591 0.683509
3979 0.516461 0.683589
3980 0.516332 0.683417
3981 0.516453 0.683245
3982 0.516323 0.683325
3983 0.516445 0.683404
3984 0.516315 0.683484
3985 0.516186 0.683563
3986 0.516307 0.683643
3987 0.516428 0.683722
3988 0.516299 0.683801
3989 0.516169 0.683630
3990 0.516291 0.683709
3991 0.516161 0.683789
3992 0.516283 0.683617
3993 0.516153 0.683696
3994 0.516024 0.683776
3995 0.516145 0.683605
3996 0.516266 0.683433
3997 0.516387 0.683262
3998 0.516258 0.683342
3999 0.516129 0.683421
4000 0.516000 0.683500
4001 0.516121 0.683329
4002 0.516242 0.683408
4003 0.516113 0.683487
4004 0.515984 0.683566
4005 0.516105 0.683645
4006 0.515976 0.683724
4007 0.515847 0.683554
4008 0.515719 0.683383
4009 0.515590 0.683462
4010 0.515461 0.683541
4011 0.515333 0.683620
4012 0.515454 0.683450
4013 0.515574 0.683529
4014 0.515446 0.683358
4015 0.515567 0.683188
4016 0.515687 0.683018
4017 0.515559 0.683097
4018 0.515679 0.682927
4019 0.515800 0.683006
4020 0.515672 0.683085
4021 0.515543 0.683163
4022 0.515664 0.683242
4023 0.515536 0.683321
4024 0.515656 0.683400
4025 0.515528 0.683478
4026 0.515400 0.683557
4027 0.515272 0.683635
4028 0.515392 0.683714
4029 0.515513 0.683544
4030 0.515633 0.683623
4031 0.515753 0.683701
4032 0.515873 0.683780
4033 0.515993 0.683858
4034 0.516113 0.683689
4035 0.516233 0.683519
4036 0.516105 0.683598
4037 0.515977 0.683428
4038 0.515849 0.683259
4039 0.515969 0.683090
4040 0.516089 0.682921
4041 0.516209 0.682752
4042 0.516081 0.682830
4043 0.515953 0.682909
4044 0.516073 0.682987
4045 0.515946 0.682818
4046 0.516065 0.682650
4047 0.516185 0.682728
4048 0.516057 0.682806
4049 0.516177 0.682885
4050 0.516296 0.682716
4051 0.516169 0.682548
4052 0.516288 0.682626
4053 0.516161 0.682704
4054 0.516280 0.682536
4055 0.516400 0.682614
4056 0.516519 0.682446
4057 0.516638 0.682524
4058 0.516511 0.682602
4059 0.516630 0.682680
4060 0.516502 0.682759
4061 0.516375 0.682590
4062 0.516494 0.682422
4063 0.516367 0.682501
4064 0.516486 0.682579
4065 0.516605 0.682411
4066 0.516724 0.682489
4067 0.516843 0.682321
4068 0.516716 0.682399
4069 0.516835 0.682477
4070 0.516708 0.682555
4071 0.516826 0.682633
4072 0.516945 0.682711
4073 0.516818 0.682789
4074 0.516937 0.682867
4075 0.516810 0.682945
4076 0.516683 0.682777
4077 0.516556 0.682855
4078 0.516675 0.682933
4079 0.516793 0.683011
4080 0.516667 0.683088
4081 0.516540 0.683166
4082 0.516414 0.683244
4083 0.516532 0.683321
4084 0.516650 0.683399
4085 0.516524 0.683476
4086 0.516642 0.683309
4087 0.516760 0.683386
4088 0.516634 0.683464
4089 0.516752 0.683297
4090 0.516870 0.683374
4091 0.516744 0.683451
4092 0.516618 0.683529
4093 0.516492 0.683362
4094 0.516610 0.683195
4095 0.516728 0.683028
4096 0.516602 0.683105
4097 0.516720 0.682939
4098 0.516593 0.682772
4099 0.516711 0.682849
4100 0.516829 0.682927
4101 0.516947 0.683004
4102 0.516821 0.682838
4103 0.516939 0.682915
4104 0.516813 0.682992
4105 0.516687 0.683069
4106 0.516805 0.683147
4107 0.516922 0.683224
4108 0.516796 0.683057
4109 0.516914 0.683135
4110 0.516788 0.682968
4111 0.516906 0.683045
4112 0.516780 0.683123
4113 0.516898 0.683200
4114 0.516772 0.683277
4115 0.516646 0.683111
4116 0.516521 0.683188
4117 0.516638 0.683022
4118 0.516756 0.682856
4119 0.516630 0.682933
4120 0.516748 0.683010
4121 0.516622 0.683087
4122 0.516497 0.683164
4123 0.516372 0.682998
4124 0.516246 0.682832
4125 0.516121 0.682667
4126 0.515996 0.682744
4127 0.515871 0.682820
4128 0.515746 0.682897
4129 0.515863 0.682974
4130 0.515981 0.683051
4131 0.515856 0.683128
4132 0.515731 0.683204
4133 0.515606 0.683039
4134 0.515481 0.683116
4135 0.515599 0.683192
4136 0.515716 0.683269
4137 0.515591 0.683345
4138 0.515466 0.683422
4139 0.515342 0.683257
4140 0.515217 0.683333
4141 0.515093 0.683410
4142 0.514969 0.683486
4143 0.514844 0.683563
4144 0.514720 0.683639
4145 0.514837 0.683715
4146 0.514954 0.683792
4147 0.514830 0.683868
4148 0.514947 0.683944
4149 0.515064 0.683779
4150 0.514940 0.683855
4151 0.514816 0.683932
4152 0.514692 0.684008
4153 0.514809 0.683843
4154 0.514925 0.683919
4155 0.514801 0.683995
4156 0.514678 0.684071
4157 0.514554 0.684147
4158 0.514430 0.683983
4159 0.514306 0.684059
4160 0.514423 0.684135
4161 0.514299 0.684211
4162 0.514176 0.684286
4163 0.514052 0.684122
4164 0.513929 0.684198
4165 0.513806 0.684274
4166 0.513922 0.684109
4167 0.514039 0.684185
4168 0.513916 0.684261
4169 0.513792 0.684097
4170 0.513669 0.684173
4171 0.513786 0.684248
4172 0.513902 0.684084
4173 0.513779 0.684160
4174 0.513896 0.684236
4175 0.514012 0.684311
4176 0.513889 0.684148
4177 0.513766 0.684223
4178 0.513882 0.684299
4179 0.513999 0.684374
4180 0.514115 0.684211
4181 0.513992 0.684047
4182 0.514108 0.684122
4183 0.514224 0.684198
4184 0.514101 0.684273
4185 0.513978 0.684110
4186 0.513856 0.684185
4187 0.513733 0.684022
4188 0.513849 0.683859
4189 0.513965 0.683934
4190 0.514081 0.684010
4191 0.513958 0.684085
4192 0.514074 0.684160
4193 0.514190 0.684236
4194 0.514306 0.684072
4195 0.514422 0.684148
4196 0.514538 0.684223
4197 0.514415 0.684298
4198 0.514293 0.684374
4199 0.514170 0.684211
4200 0.514048 0.684286
4201 0.513925 0.684361
4202 0.514041 0.684436
4203 0.513919 0.684511
4204 0.514034 0.684348
4205 0.514150 0.684423
4206 0.514028 0.684498
4207 0.513905 0.684336
4208 0.514021 0.684411
4209 0.513899 0.684248
4210 0.513777 0.684323
4211 0.513892 0.684398
4212 0.514008 0.684473
4213 0.513886 0.684548
4214 0.513764 0.684623
4215 0.513879 0.684698
4216 0.513994 0.684772
4217 0.513872 0.684847
4218 0.513751 0.684922
4219 0.513866 0.684759
4220 0.513981 0.684834
4221 0.513859 0.684909
4222 0.513738 0.684983
4223 0.513853 0.685058
4224 0.513731 0.684896
4225 0.513609 0.684970
4226 0.513725 0.685045
4227 0.513603 0.684883
4228 0.513718 0.684721
4229 0.513597 0.684559
4230 0.513712 0.684634
4231 0.513827 0.684708
4232 0.513705 0.684783
4233 0.513820 0.684621
4234 0.513935 0.684459
4235 0.513813 0.684534
4236 0.513692 0.684608
4237 0.513807 0.684683
4238 0.513922 0.684521
4239 0.513800 0.684595
4240 0.513679 0.684670
4241 0.513558 0.684744
4242 0.513437 0.684818
4243 0.513316 0.684657
4244 0.513195 0.684496
4245 0.513310 0.684335
4246 0.513424 0.684173
4247 0.513539 0.684248
4248 0.513653 0.684322
4249 0.513533 0.684161
4250 0.513412 0.684235
4251 0.513291 0.684074
4252 0.513170 0.683913
4253 0.513285 0.683753
4254 0.513164 0.683827
4255 0.513278 0.683666
4256 0.513393 0.683741
4257 0.513507 0.683580
4258 0.513621 0.683654
4259 0.513501 0.683729
4260 0.513615 0.683803
4261 0.513729 0.683642
4262 0.513843 0.683717
4263 0.513723 0.683556
4264 0.513602 0.683630
4265 0.513482 0.683705
4266 0.513596 0.683779
4267 0.513476 0.683618
4268 0.513590 0.683693
4269 0.513703 0.683767
4270 0.513817 0.683607
4271 0.513931 0.683446
4272 0.514045 0.683287
4273 0.514159 0.683361
4274 0.514038 0.683435
4275 0.513918 0.683509
4276 0.514032 0.683583
4277 0.514145 0.683657
4278 0.514259 0.683497
4279 0.514373 0.683571
4280 0.514252 0.683645
4281 0.514132 0.683719
4282 0.514012 0.683559
4283 0.514126 0.683633
4284 0.514006 0.683707
4285 0.513886 0.683781
4286 0.513766 0.683854
4287 0.513646 0.683928
4288 0.513526 0.684002
4289 0.513640 0.684076
4290 0.513753 0.684149
4291 0.513866 0.684223
4292 0.513979 0.684296
4293 0.513860 0.684137
4294 0.513740 0.684211
4295 0.513853 0.684284
4296 0.513734 0.684358
4297 0.513847 0.684431
4298 0.513960 0.684272
4299 0.513840 0.684345
4300 0.513953 0.684419
4301 0.513834 0.684259
4302 0.513715 0.684333
4303 0.513828 0.684174
4304 0.513941 0.684015
4305 0.513821 0.683856
4306 0.513702 0.683929
4307 0.513815 0.684003
4308 0.513928 0.684076
4309 0.514040 0.684149
4310 0.513921 0.684223
4311 0.513802 0.684064
4312 0.513683 0.683905
4313 0.513564 0.683747
4314 0.513445 0.683820
4315 0.513326 0.683662
4316 0.513438 0.683735
4317 0.513551 0.683808
4318 0.513664 0.683881
4319 0.513776 0.683955
4320 0.513657 0.684028
4321 0.513539 0.684101
4322 0.513420 0.683943
4323 0.513532 0.683784
4324 0.513414 0.683626
4325 0.513526 0.683699
4326 0.513407 0.683541
4327 0.513520 0.683383
4328 0.513632 0.683457
4329 0.513514 0.683530
4330 0.513395 0.683603
4331 0.513507 0.683676
4332 0.513620 0.683749
4333 0.513732 0.683591
4334 0.513613 0.683664
4335 0.513725 0.683737
4336 0.513607 0.683810
4337 0.513719 0.683883
4338 0.513831 0.683956
4339 0.513713 0.684029
4340 0.513594 0.684101
4341 0.513707 0.683944
4342 0.513819 0.683786
4343 0.513700 0.683859
4344 0.513812 0.683932
4345 0.513694 0.684005
4346 0.513806 0.684077
4347 0.513688 0.684150
4348 0.513799 0.683993
4349 0.513911 0.684065
4350 0.513793 0.684138
4351 0.513675 0.684211
4352 0.513557 0.684053
4353 0.513439 0.683896
4354 0.513321 0.683969
4355 0.513433 0.684041
4356 0.513545 0.684114
4357 0.513427 0.683957
4358 0.513538 0.684029
4359 0.513650 0.684102
4360 0.513532 0.683945
4361 0.513414 0.684017
4362 0.513297 0.684090
4363 0.513408 0.684162
4364 0.513291 0.684235
4365 0.513402 0.684078
4366 0.513514 0.684150
4367 0.513396 0.684223
4368 0.513278 0.684066
4369 0.513161 0.684138
4370 0.513043 0.684211
4371 0.513155 0.684283
4372 0.513266 0.684355
4373 0.513378 0.684427
4374 0.513489 0.684499
4375 0.513600 0.684571
4376 0.513483 0.684415
4377 0.513594 0.684487
4378 0.513476 0.684559
4379 0.513588 0.684631
4380 0.513699 0.684703
4381 0.513810 0.684775
4382 0.513692 0.684847
4383 0.513575 0.684919
4384 0.513458 0.684991
4385 0.513569 0.685063
4386 0.513680 0.684907
4387 0.513791 0.684750
4388 0.513674 0.684822
4389 0.513557 0.684894
4390 0.513667 0.684738
4391 0.513778 0.684810
4392 0.513889 0.684882
4393 0.513772 0.684953
4394 0.513883 0.685025
4395 0.513766 0.685097
4396 0.513876 0.684941
4397 0.513987 0.685013
4398 0.514097 0.685084
4399 0.514208 0.684928
4400 0.514091 0.685000
4401 0.514201 0.685072
4402 0.514312 0.685143
4403 0.514195 0.685215
4404 0.514078 0.685059
4405 0.513961 0.685131
4406 0.514072 0.685202
4407 0.514182 0.685273
4408 0.514292 0.685345
4409 0.514176 0.685416
4410 0.514286 0.685488
4411 0.514396 0.685559
4412 0.514506 0.685630
4413 0.514389 0.685701
4414 0.514499 0.685773
4415 0.514383 0.685617
4416 0.514266 0.685688
4417 0.514376 0.685760
4418 0.514260 0.685831
4419 0.514143 0.685902
4420 0.514253 0.685747
4421 0.514137 0.685818
4422 0.514021 0.685663
4423 0.514131 0.685734
4424 0.514014 0.685805
4425 0.513898 0.685876
4426 0.513782 0.685721
4427 0.513892 0.685792
4428 0.514002 0.685863
4429 0.513886 0.685708
4430 0.513770 0.685553
4431 0.513879 0.685398
4432 0.513989 0.685244
4433 0.514099 0.685315
4434 0.513983 0.685160
4435 0.513867 0.685006
4436 0.513977 0.685077
4437 0.514086 0.684922
4438 0.513970 0.684768
4439 0.513854 0.684839
4440 0.513964 0.684685
4441 0.514073 0.684756
4442 0.513958 0.684827
4443 0.513842 0.684898
4444 0.513726 0.684743
4445 0.513611 0.684814
4446 0.513495 0.684660
4447 0.513380 0.684506
4448 0.513489 0.684577
4449 0.513374 0.684423
4450 0.513258 0.684270
4451 0.513368 0.684341
4452 0.513477 0.684412
4453 0.513362 0.684482
4454 0.513471 0.684553
4455 0.513356 0.684400
4456 0.513241 0.684246
4457 0.513125 0.684317
4458 0.513010 0.684388
4459 0.513120 0.684458
4460 0.513004 0.684529
4461 0.512889 0.684376
4462 0.512999 0.684446
4463 0.513108 0.684517
4464 0.513217 0.684588
4465 0.513326 0.684434
4466 0.513211 0.684505
4467 0.513096 0.684576
4468 0.513205 0.684646
4469 0.513090 0.684717
4470 0.513199 0.684787
4471 0.513084 0.684858
4472 0.512970 0.684928
4473 0.513078 0.684999
4474 0.512964 0.685069
4475 0.512849 0.684916
4476 0.512735 0.684987
4477 0.512843 0.685057
4478 0.512952 0.685127
4479 0.512838 0.685198
4480 0.512946 0.685268
4481 0.513055 0.685115
4482 0.512941 0.685185
4483 0.512826 0.685032
4484 0.512935 0.684880
4485 0.512821 0.684950
4486 0.512706 0.684797
4487 0.512815 0.684645
4488 0.512701 0.684492
4489 0.512809 0.684562
4490 0.512695 0.684633
4491 0.512581 0.684703
4492 0.512467 0.684773
4493 0.512353 0.684843
4494 0.512239 0.684913
4495 0.512125 0.684761
4496 0.512011 0.684831
4497 0.512119 0.684901
4498 0.512228 0.684971
4499 0.512114 0.684819
4500 0.512222 0.684889
4501 0.512108 0.684959
4502 0.512217 0.685029
4503 0.512103 0.685099
4504 0.511989 0.684947
4505 0.512098 0.685017
4506 0.511984 0.685087
4507 0.512092 0.685156
4508 0.512201 0.685226
4509 0.512087 0.685074
4510 0.511973 0.684922
4511 0.512082 0.684992
4512 0.511968 0.685062
4513 0.512076 0.685132
4514 0.512184 0.684980
4515 0.512292 0.685050
4516 0.512400 0.684898
4517 0.512508 0.684747
4518 0.512616 0.684816
4519 0.512503 0.684886
4520 0.512389 0.684735
4521 0.512276 0.684804
4522 0.512163 0.684874
4523 0.512050 0.684723
4524 0.511936 0.684571
4525 0.511823 0.684641
4526 0.511710 0.684711
4527 0.511597 0.684559
4528 0.511705 0.684629
4529 0.511592 0.684478
4530 0.511700 0.684327
4531 0.511808 0.684396
4532 0.511915 0.684466
4533 0.511802 0.684536
4534 0.511689 0.684605
4535 0.511577 0.684675
4536 0.511464 0.684744
4537 0.511572 0.684814
4538 0.511459 0.684883
4539 0.511346 0.684953
4540 0.511454 0.685022
4541 0.511561 0.685091
4542 0.511449 0.684941
4543 0.511556 0.685010
4544 0.511444 0.685079
4545 0.511331 0.685149
4546 0.511219 0.684998
4547 0.511326 0.685067
4548 0.511434 0.685136
4549 0.511321 0.685206
4550 0.511429 0.685275
4551 0.511536 0.685344
4552 0.511424 0.685193
4553 0.511531 0.685043
4554 0.511419 0.684892
4555 0.511306 0.684962
4556 0.511414 0.685031
4557 0.511301 0.684880
4558 0.511189 0.684950
4559 0.511077 0.685019
4560 0.511184 0.684868
4561 0.511072 0.684938
4562 0.510960 0.685007
4563 0.510848 0.685076
4564 0.510736 0.684926
4565 0.510624 0.684775
4566 0.510512 0.684625
4567 0.510620 0.684695
4568 0.510727 0.684764
4569 0.510834 0.684833
4570 0.510722 0.684902
4571 0.510829 0.684970
4572 0.510717 0.685039
4573 0.510824 0.685108
4574 0.510713 0.685177
4575 0.510820 0.685246
4576 0.510927 0.685096
4577 0.510815 0.684946
4578 0.510703 0.684797
4579 0.510810 0.684647
4580 0.510917 0.684498
4581 0.511024 0.684567
4582 0.511131 0.684417
4583 0.511237 0.684486
4584 0.511344 0.684555
4585 0.511232 0.684406
4586 0.511121 0.684474
4587 0.511227 0.684543
4588 0.511334 0.684612
4589 0.511440 0.684463
4590 0.511329 0.684532
4591 0.511218 0.684382
4592 0.511324 0.684451
4593 0.511430 0.684520
4594 0.511319 0.684589
4595 0.511425 0.684440
4596 0.511314 0.684508
4597 0.511203 0.684577
4598 0.511092 0.684428
4599 0.511198 0.684279
4600 0.511087 0.684348
4601 0.511193 0.684416
4602 0.511299 0.684485
4603 0.511406 0.684336
4604 0.511295 0.684405
4605 0.511401 0.684473
4606 0.511290 0.684325
4607 0.511179 0.684176
4608 0.511285 0.684245
4609 0.511174 0.684313
4610 0.511280 0.684165
4611 0.511386 0.684016
4612 0.511275 0.684085
4613 0.511164 0.683937
4614 0.511270 0.684005
4615 0.511376 0.683857
4616 0.511265 0.683709
4617 0.511154 0.683777
4618 0.511260 0.683629
4619 0.511366 0.683698
4620 0.511255 0.683550
4621 0.511145 0.683618
4622 0.511034 0.683687
4623 0.510924 0.683755
4624 0.510813 0.683824
4625 0.510703 0.683676
4626 0.510808 0.683744
4627 0.510698 0.683596
4628 0.510804 0.683665
4629 0.510693 0.683733
4630 0.510799 0.683801
4631 0.510689 0.683870
4632 0.510794 0.683938
4633 0.510684 0.684006
4634 0.510574 0.683858
4635 0.510680 0.683711
4636 0.510569 0.683779
4637 0.510675 0.683847
4638 0.510565 0.683915
4639 0.510670 0.683984
4640 0.510776 0.683836
4641 0.510666 0.683904
4642 0.510556 0.683972
4643 0.510661 0.684040
4644 0.510767 0.684109
4645 0.510657 0.683961
4646 0.510547 0.684029
4647 0.510652 0.683882
4648 0.510757 0.683950
4649 0.510647 0.684018
4650 0.510538 0.684086
4651 0.510428 0.683939
4652 0.510533 0.684007
4653 0.510638 0.683860
4654 0.510529 0.683928
4655 0.510634 0.683781
4656 0.510739 0.683634
4657 0.510629 0.683487
4658 0.510520 0.683340
4659 0.510625 0.683408
4660 0.510730 0.683476
4661 0.510835 0.683330
4662 0.510940 0.683398
4663 0.510830 0.683466
4664 0.510720 0.683533
4665 0.510825 0.683601
4666 0.510930 0.683669
4667 0.511035 0.683523
4668 0.510925 0.683376
4669 0.511030 0.683444
4670 0.511135 0.683298
4671 0.511240 0.683151
4672 0.511344 0.683005
4673 0.511449 0.682859
4674 0.511553 0.682927
4675 0.511444 0.682781
4676 0.511548 0.682849
4677 0.511439 0.682916
4678 0.511330 0.682770
4679 0.511434 0.682838
4680 0.511325 0.682906
4681 0.511216 0.682974
4682 0.511320 0.682828
4683 0.511211 0.682682
4684 0.511315 0.682536
4685 0.511206 0.682391
4686 0.511310 0.682245
4687 0.511201 0.682099
4688 0.511305 0.682167
4689 0.511196 0.682022
4690 0.511087 0.682090
4691 0.511192 0.682157
4692 0.511083 0.682012
4693 0.510974 0.682080
4694 0.510865 0.681934
4695 0.510969 0.682002
4696 0.511073 0.682070
4697 0.510964 0.682138
4698 0.510856 0.682205
4699 0.510960 0.682273
4700 0.511064 0.682340
4701 0.511168 0.682408
4702 0.511059 0.682263
4703 0.511163 0.682330
4704 0.511054 0.682398
4705 0.510946 0.682465
4706 0.510837 0.682533
4707 0.510941 0.682600
4708 0.510833 0.682668
4709 0.510724 0.682735
4710 0.510828 0.682803
4711 0.510720 0.682870
4712 0.510611 0.682725
4713 0.510503 0.682792
4714 0.510607 0.682860
4715 0.510710 0.682927
4716 0.510602 0.682994
4717 0.510494 0.682849
4718 0.510386 0.682705
4719 0.510490 0.682772
4720 0.510381 0.682627
4721 0.510485 0.682694
4722 0.510589 0.682762
4723 0.510692 0.682829
4724 0.510584 0.682896
4725 0.510688 0.682751
4726 0.510791 0.682607
4727 0.510895 0.682462
4728 0.510998 0.682318
4729 0.510890 0.682174
4730 0.510782 0.682241
4731 0.510886 0.682308
4732 0.510989 0.682164
4733 0.510881 0.682231
4734 0.510984 0.682298
4735 0.510876 0.682365
4736 0.510980 0.682432
4737 0.511083 0.682499
4738 0.510975 0.682355
4739 0.510867 0.682211
4740 0.510759 0.682278
4741 0.510652 0.682135
4742 0.510755 0.682202
4743 0.510858 0.682269
4744 0.510961 0.682336
4745 0.511064 0.682403
4746 0.511167 0.682259
4747 0.511270 0.682326
4748 0.511163 0.682393
4749 0.511055 0.682459
4750 0.511158 0.682316
4751 0.511261 0.682172
4752 0.511364 0.682239
4753 0.511256 0.682096
4754 0.511359 0.682162
4755 0.511462 0.682229
4756 0.511354 0.682296
4757 0.511457 0.682153
4758 0.511349 0.682219
4759 0.511452 0.682286
4760 0.511555 0.682353
4761 0.511447 0.682420
4762 0.511340 0.682486
4763 0.511232 0.682553
4764 0.511125 0.682620
4765 0.511228 0.682686
4766 0.511120 0.682753
4767 0.511013 0.682819
4768 0.510906 0.682886
4769 0.510799 0.682952
4770 0.510692 0.682809
4771 0.510794 0.682876
4772 0.510687 0.682942
4773 0.510790 0.683009
4774 0.510683 0.682866
4775 0.510576 0.682723
4776 0.510469 0.682789
4777 0.510362 0.682855
4778 0.510465 0.682922
4779 0.510358 0.682988
4780 0.510251 0.683054
4781 0.510144 0.683121
4782 0.510247 0.682978
4783 0.510140 0.683044
4784 0.510033 0.683110
4785 0.509927 0.683177
4786 0.510029 0.683034
4787 0.509923 0.683100
4788 0.509816 0.682957
4789 0.509710 0.683024
4790 0.509603 0.683090
4791 0.509706 0.683156
4792 0.509808 0.683222
4793 0.509702 0.683288
4794 0.509595 0.683146
4795 0.509698 0.683003
4796 0.509591 0.682861
4797 0.509694 0.682927
4798 0.509587 0.682993
4799 0.509690 0.683059
4800 0.509792 0.682917
4801 0.509685 0.682774
4802 0.509579 0.682840
4803 0.509681 0.682698
4804 0.509575 0.682556
4805 0.509469 0.682622
4806 0.509363 0.682480
4807 0.509465 0.682546
4808 0.509359 0.682612
4809 0.509461 0.682678
4810 0.509563 0.682744
4811 0.509665 0.682602
4812 0.509767 0.682668
4813 0.509869 0.682526
4814 0.509971 0.682385
4815 0.509865 0.682451
4816 0.509967 0.682517
4817 0.510069 0.682583
4818 0.510170 0.682648
4819 0.510064 0.682714
4820 0.509959 0.682780
4821 0.509853 0.682846
4822 0.509747 0.682912
4823 0.509641 0.682770
4824 0.509536 0.682629
4825 0.509430 0.682694
4826 0.509324 0.682760
4827 0.509426 0.682619
4828 0.509528 0.682477
4829 0.509422 0.682543
4830 0.509317 0.682609
4831 0.509211 0.682467
4832 0.509106 0.682533
4833 0.509001 0.682599
4834 0.508895 0.682664
4835 0.508790 0.682523
4836 0.508892 0.682589
4837 0.508993 0.682448
4838 0.508888 0.682307
4839 0.508989 0.682372
4840 0.509091 0.682438
4841 0.508986 0.682504
4842 0.509087 0.682569
4843 0.509189 0.682635
4844 0.509290 0.682700
4845 0.509391 0.682766
4846 0.509492 0.682831
4847 0.509387 0.682690
4848 0.509488 0.682756
4849 0.509383 0.682821
4850 0.509278 0.682680
4851 0.509380 0.682746
4852 0.509481 0.682811
4853 0.509582 0.682877
4854 0.509477 0.682942
4855 0.509372 0.683007
4856 0.509267 0.683072
4857 0.509368 0.682932
4858 0.509469 0.682997
4859 0.509364 0.683062
4860 0.509465 0.683128
4861 0.509360 0.683193
4862 0.509255 0.683258
4863 0.509356 0.683117
4864 0.509252 0.682977
4865 0.509147 0.683042
4866 0.509248 0.683107
4867 0.509349 0.683172
4868 0.509244 0.683237
4869 0.509139 0.683097
4870 0.509035 0.682957
4871 0.508930 0.683022
4872 0.509031 0.683087
4873 0.508927 0.683152
4874 0.508822 0.683217
4875 0.508718 0.683282
4876 0.508614 0.683347
4877 0.508509 0.683207
4878 0.508610 0.683272
4879 0.508711 0.683337
4880 0.508811 0.683197
4881 0.508912 0.683262
4882 0.509013 0.683122
4883 0.508908 0.682982
4884 0.508804 0.683047
4885 0.508905 0.683112
4886 0.508801 0.682972
4887 0.508901 0.683037
4888 0.509002 0.683101
4889 0.509102 0.683166
4890 0.508998 0.683231
4891 0.508894 0.683091
4892 0.508994 0.683156
4893 0.508890 0.683221
4894 0.508786 0.683081
4895 0.508887 0.683146
4896 0.508783 0.683007
4897 0.508679 0.683071
4898 0.508575 0.683136
4899 0.508675 0.683201
4900 0.508776 0.683265
4901 0.508672 0.683330
4902 0.508568 0.683395
4903 0.508668 0.683459
4904 0.508564 0.683320
4905 0.508461 0.683384
4906 0.508561 0.683449
4907 0.508661 0.683513
4908 0.508761 0.683578
4909 0.508861 0.683642
4910 0.508758 0.683707
4911 0.508858 0.683568
4912 0.508958 0.683632
4913 0.508854 0.683696
4914 0.508751 0.683761
4915 0.508647 0.683825
4916 0.508747 0.683686
4917 0.508643 0.683750
4918 0.508743 0.683815
4919 0.508843 0.683676
4920 0.508943 0.683740
4921 0.508840 0.683804
4922 0.508939 0.683665
4923 0.508836 0.683526
4924 0.508936 0.683387
4925 0.508832 0.683249
4926 0.508932 0.683110
4927 0.509032 0.682971
4928 0.509131 0.683036
4929 0.509231 0.683100
4930 0.509331 0.683164
4931 0.509227 0.683026
4932 0.509124 0.682887
4933 0.509021 0.682749
4934 0.509120 0.682813
4935 0.509220 0.682877
4936 0.509117 0.682739
4937 0.509014 0.682803
4938 0.508910 0.682868
4939 0.508807 0.682932
4940 0.508907 0.682794
4941 0.509006 0.682858
4942 0.508903 0.682922
4943 0.508800 0.682986
4944 0.508900 0.683050
4945 0.508797 0.683114
4946 0.508896 0.683178
4947 0.508793 0.683242
4948 0.508690 0.683306
4949 0.508790 0.683370
4950 0.508687 0.683434
4951 0.508584 0.683498
4952 0.508481 0.683360
4953 0.508379 0.683424
4954 0.508276 0.683488
4955 0.508174 0.683552
4956 0.508071 0.683414
4957 0.508170 0.683276
4958 0.508068 0.683340
4959 0.508167 0.683404
4960 0.508266 0.683468
4961 0.508365 0.683532
4962 0.508464 0.683595
4963 0.508362 0.683659
4964 0.508259 0.683723
4965 0.508157 0.683787
4966 0.508055 0.683850
4967 0.507952 0.683914
4968 0.508052 0.683977
4969 0.508151 0.684041
4970 0.508048 0.684105
4971 0.508147 0.684168
4972 0.508045 0.684232
4973 0.507943 0.684295
4974 0.508042 0.684158
4975 0.507940 0.684221
4976 0.507838 0.684285
4977 0.507736 0.684348
4978 0.507634 0.684211
4979 0.507532 0.684274
4980 0.507430 0.684137
4981 0.507328 0.684200
4982 0.507427 0.684063
4983 0.507325 0.684126
4984 0.507223 0.683989
4985 0.507322 0.684052
4986 0.507220 0.684116
4987 0.507319 0.684179
4988 0.507418 0.684242
4989 0.507316 0.684305
4990 0.507415 0.684168
4991 0.507514 0.684232
4992 0.507412 0.684295
4993 0.507310 0.684358
4994 0.507209 0.684221
4995 0.507307 0.684284
4996 0.507206 0.684147
4997 0.507104 0.684010
4998 0.507203 0.684074
4999 0.507101 0.684137
5000 0.507200 0.684200
